nodes,guardians,threshold,fdkgPercentage,tallierRetPct,tallierNewPct,successRate
10,2,1,0.2,0.9,0.05,0.398
10,2,1,0.2,0.925,0.05,0.393
10,2,1,0.2,0.95,0.05,0.417
10,2,1,0.2,0.975,0.05,0.41
10,2,1,0.2,1,0.05,1
10,2,1,0.3,0.9,0.05,0.647
10,2,1,0.3,0.925,0.05,0.658
10,2,1,0.3,0.95,0.05,0.668
10,2,1,0.3,0.975,0.05,0.666
10,2,1,0.3,1,0.05,1
10,2,1,0.4,0.9,0.05,0.802
10,2,1,0.4,0.925,0.05,0.784
10,2,1,0.4,0.95,0.05,0.787
10,2,1,0.4,0.975,0.05,0.823
10,2,1,0.4,1,0.05,1
10,2,1,0.5,0.9,0.05,0.897
10,2,1,0.5,0.925,0.05,0.909
10,2,1,0.5,0.95,0.05,0.906
10,2,1,0.5,0.975,0.05,0.92
10,2,1,0.5,1,0.05,1
10,2,1,0.6,0.9,0.05,0.967
10,2,1,0.6,0.925,0.05,0.954
10,2,1,0.6,0.95,0.05,0.959
10,2,1,0.6,0.975,0.05,0.956
10,2,1,0.6,1,0.05,1
10,2,1,0.7,0.9,0.05,0.988
10,2,1,0.7,0.925,0.05,0.981
10,2,1,0.7,0.95,0.05,0.985
10,2,1,0.7,0.975,0.05,0.986
10,2,1,0.7,1,0.05,1
10,2,1,0.8,0.9,0.05,0.992
10,2,1,0.8,0.925,0.05,0.995
10,2,1,0.8,0.95,0.05,0.991
10,2,1,0.8,0.975,0.05,0.996
10,2,1,0.8,1,0.05,1
10,2,2,0.2,0.9,0.05,0
10,2,2,0.2,0.925,0.05,0
10,2,2,0.2,0.95,0.05,0
10,2,2,0.2,0.975,0.05,0
10,2,2,0.2,1,0.05,1
10,2,2,0.3,0.9,0.05,0.089
10,2,2,0.3,0.925,0.05,0.093
10,2,2,0.3,0.95,0.05,0.094
10,2,2,0.3,0.975,0.05,0.097
10,2,2,0.3,1,0.05,1
10,2,2,0.4,0.9,0.05,0.224
10,2,2,0.4,0.925,0.05,0.235
10,2,2,0.4,0.95,0.05,0.212
10,2,2,0.4,0.975,0.05,0.269
10,2,2,0.4,1,0.05,1
10,2,2,0.5,0.9,0.05,0.364
10,2,2,0.5,0.925,0.05,0.36
10,2,2,0.5,0.95,0.05,0.399
10,2,2,0.5,0.975,0.05,0.367
10,2,2,0.5,1,0.05,1
10,2,2,0.6,0.9,0.05,0.543
10,2,2,0.6,0.925,0.05,0.535
10,2,2,0.6,0.95,0.05,0.542
10,2,2,0.6,0.975,0.05,0.553
10,2,2,0.6,1,0.05,1
10,2,2,0.7,0.9,0.05,0.702
10,2,2,0.7,0.925,0.05,0.714
10,2,2,0.7,0.95,0.05,0.687
10,2,2,0.7,0.975,0.05,0.669
10,2,2,0.7,1,0.05,1
10,2,2,0.8,0.9,0.05,0.818
10,2,2,0.8,0.925,0.05,0.823
10,2,2,0.8,0.95,0.05,0.836
10,2,2,0.8,0.975,0.05,0.81
10,2,2,0.8,1,0.05,1
10,3,1,0.2,0.9,0.05,0.533
10,3,1,0.2,0.925,0.05,0.537
10,3,1,0.2,0.95,0.05,0.53
10,3,1,0.2,0.975,0.05,0.524
10,3,1,0.2,1,0.05,1
10,3,1,0.3,0.9,0.05,0.789
10,3,1,0.3,0.925,0.05,0.775
10,3,1,0.3,0.95,0.05,0.77
10,3,1,0.3,0.975,0.05,0.761
10,3,1,0.3,1,0.05,1
10,3,1,0.4,0.9,0.05,0.911
10,3,1,0.4,0.925,0.05,0.916
10,3,1,0.4,0.95,0.05,0.912
10,3,1,0.4,0.975,0.05,0.897
10,3,1,0.4,1,0.05,1
10,3,1,0.5,0.9,0.05,0.968
10,3,1,0.5,0.925,0.05,0.963
10,3,1,0.5,0.95,0.05,0.967
10,3,1,0.5,0.975,0.05,0.966
10,3,1,0.5,1,0.05,1
10,3,1,0.6,0.9,0.05,0.991
10,3,1,0.6,0.925,0.05,0.989
10,3,1,0.6,0.95,0.05,0.987
10,3,1,0.6,0.975,0.05,0.988
10,3,1,0.6,1,0.05,1
10,3,1,0.7,0.9,0.05,0.996
10,3,1,0.7,0.925,0.05,0.998
10,3,1,0.7,0.95,0.05,0.997
10,3,1,0.7,0.975,0.05,0.996
10,3,1,0.7,1,0.05,1
10,3,1,0.8,0.9,0.05,1
10,3,1,0.8,0.925,0.05,0.999
10,3,1,0.8,0.95,0.05,1
10,3,1,0.8,0.975,0.05,1
10,3,1,0.8,1,0.05,1
10,3,2,0.2,0.9,0.05,0
10,3,2,0.2,0.925,0.05,0
10,3,2,0.2,0.95,0.05,0
10,3,2,0.2,0.975,0.05,0
10,3,2,0.2,1,0.05,1
10,3,2,0.3,0.9,0.05,0.222
10,3,2,0.3,0.925,0.05,0.203
10,3,2,0.3,0.95,0.05,0.207
10,3,2,0.3,0.975,0.05,0.19
10,3,2,0.3,1,0.05,1
10,3,2,0.4,0.9,0.05,0.449
10,3,2,0.4,0.925,0.05,0.429
10,3,2,0.4,0.95,0.05,0.439
10,3,2,0.4,0.975,0.05,0.416
10,3,2,0.4,1,0.05,1
10,3,2,0.5,0.9,0.05,0.659
10,3,2,0.5,0.925,0.05,0.677
10,3,2,0.5,0.95,0.05,0.628
10,3,2,0.5,0.975,0.05,0.662
10,3,2,0.5,1,0.05,1
10,3,2,0.6,0.9,0.05,0.818
10,3,2,0.6,0.925,0.05,0.817
10,3,2,0.6,0.95,0.05,0.814
10,3,2,0.6,0.975,0.05,0.822
10,3,2,0.6,1,0.05,1
10,3,2,0.7,0.9,0.05,0.927
10,3,2,0.7,0.925,0.05,0.904
10,3,2,0.7,0.95,0.05,0.92
10,3,2,0.7,0.975,0.05,0.921
10,3,2,0.7,1,0.05,1
10,3,2,0.8,0.9,0.05,0.983
10,3,2,0.8,0.925,0.05,0.976
10,3,2,0.8,0.95,0.05,0.979
10,3,2,0.8,0.975,0.05,0.977
10,3,2,0.8,1,0.05,1
10,3,3,0.2,0.9,0.05,0
10,3,3,0.2,0.925,0.05,0
10,3,3,0.2,0.95,0.05,0
10,3,3,0.2,0.975,0.05,0
10,3,3,0.2,1,0.05,1
10,3,3,0.3,0.9,0.05,0
10,3,3,0.3,0.925,0.05,0
10,3,3,0.3,0.95,0.05,0
10,3,3,0.3,0.975,0.05,0
10,3,3,0.3,1,0.05,1
10,3,3,0.4,0.9,0.05,0.035
10,3,3,0.4,0.925,0.05,0.055
10,3,3,0.4,0.95,0.05,0.05
10,3,3,0.4,0.975,0.05,0.053
10,3,3,0.4,1,0.05,1
10,3,3,0.5,0.9,0.05,0.133
10,3,3,0.5,0.925,0.05,0.153
10,3,3,0.5,0.95,0.05,0.152
10,3,3,0.5,0.975,0.05,0.13
10,3,3,0.5,1,0.05,1
10,3,3,0.6,0.9,0.05,0.267
10,3,3,0.6,0.925,0.05,0.299
10,3,3,0.6,0.95,0.05,0.323
10,3,3,0.6,0.975,0.05,0.3
10,3,3,0.6,1,0.05,1
10,3,3,0.7,0.9,0.05,0.461
10,3,3,0.7,0.925,0.05,0.49
10,3,3,0.7,0.95,0.05,0.464
10,3,3,0.7,0.975,0.05,0.459
10,3,3,0.7,1,0.05,1
10,3,3,0.8,0.9,0.05,0.641
10,3,3,0.8,0.925,0.05,0.66
10,3,3,0.8,0.95,0.05,0.656
10,3,3,0.8,0.975,0.05,0.652
10,3,3,0.8,1,0.05,1
10,4,1,0.2,0.9,0.05,0.616
10,4,1,0.2,0.925,0.05,0.641
10,4,1,0.2,0.95,0.05,0.642
10,4,1,0.2,0.975,0.05,0.611
10,4,1,0.2,1,0.05,1
10,4,1,0.3,0.9,0.05,0.868
10,4,1,0.3,0.925,0.05,0.87
10,4,1,0.3,0.95,0.05,0.841
10,4,1,0.3,0.975,0.05,0.883
10,4,1,0.3,1,0.05,1
10,4,1,0.4,0.9,0.05,0.963
10,4,1,0.4,0.925,0.05,0.966
10,4,1,0.4,0.95,0.05,0.951
10,4,1,0.4,0.975,0.05,0.952
10,4,1,0.4,1,0.05,1
10,4,1,0.5,0.9,0.05,0.994
10,4,1,0.5,0.925,0.05,0.99
10,4,1,0.5,0.95,0.05,0.987
10,4,1,0.5,0.975,0.05,0.992
10,4,1,0.5,1,0.05,1
10,4,1,0.6,0.9,0.05,0.998
10,4,1,0.6,0.925,0.05,0.999
10,4,1,0.6,0.95,0.05,0.997
10,4,1,0.6,0.975,0.05,0.998
10,4,1,0.6,1,0.05,1
10,4,1,0.7,0.9,0.05,1
10,4,1,0.7,0.925,0.05,1
10,4,1,0.7,0.95,0.05,1
10,4,1,0.7,0.975,0.05,1
10,4,1,0.7,1,0.05,1
10,4,1,0.8,0.9,0.05,1
10,4,1,0.8,0.925,0.05,1
10,4,1,0.8,0.95,0.05,1
10,4,1,0.8,0.975,0.05,1
10,4,1,0.8,1,0.05,1
10,4,2,0.2,0.9,0.05,0
10,4,2,0.2,0.925,0.05,0
10,4,2,0.2,0.95,0.05,0
10,4,2,0.2,0.975,0.05,0
10,4,2,0.2,1,0.05,1
10,4,2,0.3,0.9,0.05,0.317
10,4,2,0.3,0.925,0.05,0.337
10,4,2,0.3,0.95,0.05,0.332
10,4,2,0.3,0.975,0.05,0.311
10,4,2,0.3,1,0.05,1
10,4,2,0.4,0.9,0.05,0.638
10,4,2,0.4,0.925,0.05,0.637
10,4,2,0.4,0.95,0.05,0.634
10,4,2,0.4,0.975,0.05,0.654
10,4,2,0.4,1,0.05,1
10,4,2,0.5,0.9,0.05,0.837
10,4,2,0.5,0.925,0.05,0.823
10,4,2,0.5,0.95,0.05,0.84
10,4,2,0.5,0.975,0.05,0.822
10,4,2,0.5,1,0.05,1
10,4,2,0.6,0.9,0.05,0.936
10,4,2,0.6,0.925,0.05,0.953
10,4,2,0.6,0.95,0.05,0.934
10,4,2,0.6,0.975,0.05,0.934
10,4,2,0.6,1,0.05,1
10,4,2,0.7,0.9,0.05,0.989
10,4,2,0.7,0.925,0.05,0.99
10,4,2,0.7,0.95,0.05,0.988
10,4,2,0.7,0.975,0.05,0.987
10,4,2,0.7,1,0.05,1
10,4,2,0.8,0.9,0.05,0.999
10,4,2,0.8,0.925,0.05,1
10,4,2,0.8,0.95,0.05,0.999
10,4,2,0.8,0.975,0.05,1
10,4,2,0.8,1,0.05,1
10,4,3,0.2,0.9,0.05,0
10,4,3,0.2,0.925,0.05,0
10,4,3,0.2,0.95,0.05,0
10,4,3,0.2,0.975,0.05,0
10,4,3,0.2,1,0.05,1
10,4,3,0.3,0.9,0.05,0
10,4,3,0.3,0.925,0.05,0
10,4,3,0.3,0.95,0.05,0
10,4,3,0.3,0.975,0.05,0
10,4,3,0.3,1,0.05,1
10,4,3,0.4,0.9,0.05,0.137
10,4,3,0.4,0.925,0.05,0.125
10,4,3,0.4,0.95,0.05,0.129
10,4,3,0.4,0.975,0.05,0.116
10,4,3,0.4,1,0.05,1
10,4,3,0.5,0.9,0.05,0.348
10,4,3,0.5,0.925,0.05,0.353
10,4,3,0.5,0.95,0.05,0.369
10,4,3,0.5,0.975,0.05,0.378
10,4,3,0.5,1,0.05,1
10,4,3,0.6,0.9,0.05,0.604
10,4,3,0.6,0.925,0.05,0.601
10,4,3,0.6,0.95,0.05,0.58
10,4,3,0.6,0.975,0.05,0.593
10,4,3,0.6,1,0.05,1
10,4,3,0.7,0.9,0.05,0.808
10,4,3,0.7,0.925,0.05,0.81
10,4,3,0.7,0.95,0.05,0.773
10,4,3,0.7,0.975,0.05,0.772
10,4,3,0.7,1,0.05,1
10,4,3,0.8,0.9,0.05,0.916
10,4,3,0.8,0.925,0.05,0.941
10,4,3,0.8,0.95,0.05,0.939
10,4,3,0.8,0.975,0.05,0.934
10,4,3,0.8,1,0.05,1
10,4,4,0.2,0.9,0.05,0
10,4,4,0.2,0.925,0.05,0
10,4,4,0.2,0.95,0.05,0
10,4,4,0.2,0.975,0.05,0
10,4,4,0.2,1,0.05,1
10,4,4,0.3,0.9,0.05,0
10,4,4,0.3,0.925,0.05,0
10,4,4,0.3,0.95,0.05,0
10,4,4,0.3,0.975,0.05,0
10,4,4,0.3,1,0.05,1
10,4,4,0.4,0.9,0.05,0
10,4,4,0.4,0.925,0.05,0
10,4,4,0.4,0.95,0.05,0
10,4,4,0.4,0.975,0.05,0
10,4,4,0.4,1,0.05,1
10,4,4,0.5,0.9,0.05,0.032
10,4,4,0.5,0.925,0.05,0.03
10,4,4,0.5,0.95,0.05,0.031
10,4,4,0.5,0.975,0.05,0.037
10,4,4,0.5,1,0.05,1
10,4,4,0.6,0.9,0.05,0.117
10,4,4,0.6,0.925,0.05,0.12
10,4,4,0.6,0.95,0.05,0.121
10,4,4,0.6,0.975,0.05,0.122
10,4,4,0.6,1,0.05,1
10,4,4,0.7,0.9,0.05,0.273
10,4,4,0.7,0.925,0.05,0.258
10,4,4,0.7,0.95,0.05,0.283
10,4,4,0.7,0.975,0.05,0.277
10,4,4,0.7,1,0.05,1
10,4,4,0.8,0.9,0.05,0.462
10,4,4,0.8,0.925,0.05,0.471
10,4,4,0.8,0.95,0.05,0.475
10,4,4,0.8,0.975,0.05,0.467
10,4,4,0.8,1,0.05,1
10,5,1,0.2,0.9,0.05,0.723
10,5,1,0.2,0.925,0.05,0.722
10,5,1,0.2,0.95,0.05,0.728
10,5,1,0.2,0.975,0.05,0.713
10,5,1,0.2,1,0.05,1
10,5,1,0.3,0.9,0.05,0.925
10,5,1,0.3,0.925,0.05,0.928
10,5,1,0.3,0.95,0.05,0.922
10,5,1,0.3,0.975,0.05,0.92
10,5,1,0.3,1,0.05,1
10,5,1,0.4,0.9,0.05,0.986
10,5,1,0.4,0.925,0.05,0.971
10,5,1,0.4,0.95,0.05,0.982
10,5,1,0.4,0.975,0.05,0.984
10,5,1,0.4,1,0.05,1
10,5,1,0.5,0.9,0.05,0.998
10,5,1,0.5,0.925,0.05,0.999
10,5,1,0.5,0.95,0.05,0.997
10,5,1,0.5,0.975,0.05,0.997
10,5,1,0.5,1,0.05,1
10,5,1,0.6,0.9,0.05,1
10,5,1,0.6,0.925,0.05,1
10,5,1,0.6,0.95,0.05,1
10,5,1,0.6,0.975,0.05,1
10,5,1,0.6,1,0.05,1
10,5,1,0.7,0.9,0.05,1
10,5,1,0.7,0.925,0.05,1
10,5,1,0.7,0.95,0.05,1
10,5,1,0.7,0.975,0.05,1
10,5,1,0.7,1,0.05,1
10,5,1,0.8,0.9,0.05,1
10,5,1,0.8,0.925,0.05,1
10,5,1,0.8,0.95,0.05,1
10,5,1,0.8,0.975,0.05,1
10,5,1,0.8,1,0.05,1
10,5,2,0.2,0.9,0.05,0
10,5,2,0.2,0.925,0.05,0
10,5,2,0.2,0.95,0.05,0
10,5,2,0.2,0.975,0.05,0
10,5,2,0.2,1,0.05,1
10,5,2,0.3,0.9,0.05,0.473
10,5,2,0.3,0.925,0.05,0.463
10,5,2,0.3,0.95,0.05,0.467
10,5,2,0.3,0.975,0.05,0.471
10,5,2,0.3,1,0.05,1
10,5,2,0.4,0.9,0.05,0.77
10,5,2,0.4,0.925,0.05,0.808
10,5,2,0.4,0.95,0.05,0.781
10,5,2,0.4,0.975,0.05,0.783
10,5,2,0.4,1,0.05,1
10,5,2,0.5,0.9,0.05,0.938
10,5,2,0.5,0.925,0.05,0.932
10,5,2,0.5,0.95,0.05,0.927
10,5,2,0.5,0.975,0.05,0.936
10,5,2,0.5,1,0.05,1
10,5,2,0.6,0.9,0.05,0.986
10,5,2,0.6,0.925,0.05,0.988
10,5,2,0.6,0.95,0.05,0.982
10,5,2,0.6,0.975,0.05,0.983
10,5,2,0.6,1,0.05,1
10,5,2,0.7,0.9,0.05,1
10,5,2,0.7,0.925,0.05,0.999
10,5,2,0.7,0.95,0.05,1
10,5,2,0.7,0.975,0.05,1
10,5,2,0.7,1,0.05,1
10,5,2,0.8,0.9,0.05,1
10,5,2,0.8,0.925,0.05,1
10,5,2,0.8,0.95,0.05,1
10,5,2,0.8,0.975,0.05,1
10,5,2,0.8,1,0.05,1
10,5,3,0.2,0.9,0.05,0
10,5,3,0.2,0.925,0.05,0
10,5,3,0.2,0.95,0.05,0
10,5,3,0.2,0.975,0.05,0
10,5,3,0.2,1,0.05,1
10,5,3,0.3,0.9,0.05,0
10,5,3,0.3,0.925,0.05,0
10,5,3,0.3,0.95,0.05,0
10,5,3,0.3,0.975,0.05,0
10,5,3,0.3,1,0.05,1
10,5,3,0.4,0.9,0.05,0.249
10,5,3,0.4,0.925,0.05,0.254
10,5,3,0.4,0.95,0.05,0.246
10,5,3,0.4,0.975,0.05,0.256
10,5,3,0.4,1,0.05,1
10,5,3,0.5,0.9,0.05,0.555
10,5,3,0.5,0.925,0.05,0.579
10,5,3,0.5,0.95,0.05,0.588
10,5,3,0.5,0.975,0.05,0.578
10,5,3,0.5,1,0.05,1
10,5,3,0.6,0.9,0.05,0.825
10,5,3,0.6,0.925,0.05,0.828
10,5,3,0.6,0.95,0.05,0.807
10,5,3,0.6,0.975,0.05,0.814
10,5,3,0.6,1,0.05,1
10,5,3,0.7,0.9,0.05,0.955
10,5,3,0.7,0.925,0.05,0.955
10,5,3,0.7,0.95,0.05,0.941
10,5,3,0.7,0.975,0.05,0.952
10,5,3,0.7,1,0.05,1
10,5,3,0.8,0.9,0.05,0.997
10,5,3,0.8,0.925,0.05,0.996
10,5,3,0.8,0.95,0.05,0.996
10,5,3,0.8,0.975,0.05,0.995
10,5,3,0.8,1,0.05,1
10,5,4,0.2,0.9,0.05,0
10,5,4,0.2,0.925,0.05,0
10,5,4,0.2,0.95,0.05,0
10,5,4,0.2,0.975,0.05,0
10,5,4,0.2,1,0.05,1
10,5,4,0.3,0.9,0.05,0
10,5,4,0.3,0.925,0.05,0
10,5,4,0.3,0.95,0.05,0
10,5,4,0.3,0.975,0.05,0
10,5,4,0.3,1,0.05,1
10,5,4,0.4,0.9,0.05,0
10,5,4,0.4,0.925,0.05,0
10,5,4,0.4,0.95,0.05,0
10,5,4,0.4,0.975,0.05,0
10,5,4,0.4,1,0.05,1
10,5,4,0.5,0.9,0.05,0.111
10,5,4,0.5,0.925,0.05,0.094
10,5,4,0.5,0.95,0.05,0.09
10,5,4,0.5,0.975,0.05,0.115
10,5,4,0.5,1,0.05,1
10,5,4,0.6,0.9,0.05,0.344
10,5,4,0.6,0.925,0.05,0.339
10,5,4,0.6,0.95,0.05,0.333
10,5,4,0.6,0.975,0.05,0.336
10,5,4,0.6,1,0.05,1
10,5,4,0.7,0.9,0.05,0.636
10,5,4,0.7,0.925,0.05,0.617
10,5,4,0.7,0.95,0.05,0.619
10,5,4,0.7,0.975,0.05,0.629
10,5,4,0.7,1,0.05,1
10,5,4,0.8,0.9,0.05,0.819
10,5,4,0.8,0.925,0.05,0.867
10,5,4,0.8,0.95,0.05,0.842
10,5,4,0.8,0.975,0.05,0.849
10,5,4,0.8,1,0.05,1
10,5,5,0.2,0.9,0.05,0
10,5,5,0.2,0.925,0.05,0
10,5,5,0.2,0.95,0.05,0
10,5,5,0.2,0.975,0.05,0
10,5,5,0.2,1,0.05,1
10,5,5,0.3,0.9,0.05,0
10,5,5,0.3,0.925,0.05,0
10,5,5,0.3,0.95,0.05,0
10,5,5,0.3,0.975,0.05,0
10,5,5,0.3,1,0.05,1
10,5,5,0.4,0.9,0.05,0
10,5,5,0.4,0.925,0.05,0
10,5,5,0.4,0.95,0.05,0
10,5,5,0.4,0.975,0.05,0
10,5,5,0.4,1,0.05,1
10,5,5,0.5,0.9,0.05,0
10,5,5,0.5,0.925,0.05,0
10,5,5,0.5,0.95,0.05,0
10,5,5,0.5,0.975,0.05,0
10,5,5,0.5,1,0.05,1
10,5,5,0.6,0.9,0.05,0.018
10,5,5,0.6,0.925,0.05,0.029
10,5,5,0.6,0.95,0.05,0.022
10,5,5,0.6,0.975,0.05,0.035
10,5,5,0.6,1,0.05,1
10,5,5,0.7,0.9,0.05,0.119
10,5,5,0.7,0.925,0.05,0.133
10,5,5,0.7,0.95,0.05,0.137
10,5,5,0.7,0.975,0.05,0.124
10,5,5,0.7,1,0.05,1
10,5,5,0.8,0.9,0.05,0.317
10,5,5,0.8,0.925,0.05,0.318
10,5,5,0.8,0.95,0.05,0.311
10,5,5,0.8,0.975,0.05,0.291
10,5,5,0.8,1,0.05,1
10,6,1,0.2,0.9,0.05,0.803
10,6,1,0.2,0.925,0.05,0.787
10,6,1,0.2,0.95,0.05,0.783
10,6,1,0.2,0.975,0.05,0.788
10,6,1,0.2,1,0.05,1
10,6,1,0.3,0.9,0.05,0.963
10,6,1,0.3,0.925,0.05,0.956
10,6,1,0.3,0.95,0.05,0.966
10,6,1,0.3,0.975,0.05,0.981
10,6,1,0.3,1,0.05,1
10,6,1,0.4,0.9,0.05,0.996
10,6,1,0.4,0.925,0.05,0.995
10,6,1,0.4,0.95,0.05,0.996
10,6,1,0.4,0.975,0.05,0.993
10,6,1,0.4,1,0.05,1
10,6,1,0.5,0.9,0.05,1
10,6,1,0.5,0.925,0.05,0.999
10,6,1,0.5,0.95,0.05,1
10,6,1,0.5,0.975,0.05,1
10,6,1,0.5,1,0.05,1
10,6,1,0.6,0.9,0.05,1
10,6,1,0.6,0.925,0.05,1
10,6,1,0.6,0.95,0.05,1
10,6,1,0.6,0.975,0.05,1
10,6,1,0.6,1,0.05,1
10,6,1,0.7,0.9,0.05,1
10,6,1,0.7,0.925,0.05,1
10,6,1,0.7,0.95,0.05,1
10,6,1,0.7,0.975,0.05,1
10,6,1,0.7,1,0.05,1
10,6,1,0.8,0.9,0.05,1
10,6,1,0.8,0.925,0.05,1
10,6,1,0.8,0.95,0.05,1
10,6,1,0.8,0.975,0.05,1
10,6,1,0.8,1,0.05,1
10,6,2,0.2,0.9,0.05,0
10,6,2,0.2,0.925,0.05,0
10,6,2,0.2,0.95,0.05,0
10,6,2,0.2,0.975,0.05,0
10,6,2,0.2,1,0.05,1
10,6,2,0.3,0.9,0.05,0.595
10,6,2,0.3,0.925,0.05,0.593
10,6,2,0.3,0.95,0.05,0.576
10,6,2,0.3,0.975,0.05,0.595
10,6,2,0.3,1,0.05,1
10,6,2,0.4,0.9,0.05,0.889
10,6,2,0.4,0.925,0.05,0.882
10,6,2,0.4,0.95,0.05,0.881
10,6,2,0.4,0.975,0.05,0.88
10,6,2,0.4,1,0.05,1
10,6,2,0.5,0.9,0.05,0.985
10,6,2,0.5,0.925,0.05,0.972
10,6,2,0.5,0.95,0.05,0.981
10,6,2,0.5,0.975,0.05,0.973
10,6,2,0.5,1,0.05,1
10,6,2,0.6,0.9,0.05,0.998
10,6,2,0.6,0.925,0.05,0.996
10,6,2,0.6,0.95,0.05,0.999
10,6,2,0.6,0.975,0.05,0.999
10,6,2,0.6,1,0.05,1
10,6,2,0.7,0.9,0.05,1
10,6,2,0.7,0.925,0.05,1
10,6,2,0.7,0.95,0.05,1
10,6,2,0.7,0.975,0.05,1
10,6,2,0.7,1,0.05,1
10,6,2,0.8,0.9,0.05,1
10,6,2,0.8,0.925,0.05,1
10,6,2,0.8,0.95,0.05,1
10,6,2,0.8,0.975,0.05,1
10,6,2,0.8,1,0.05,1
10,6,3,0.2,0.9,0.05,0
10,6,3,0.2,0.925,0.05,0
10,6,3,0.2,0.95,0.05,0
10,6,3,0.2,0.975,0.05,0
10,6,3,0.2,1,0.05,1
10,6,3,0.3,0.9,0.05,0
10,6,3,0.3,0.925,0.05,0
10,6,3,0.3,0.95,0.05,0
10,6,3,0.3,0.975,0.05,0
10,6,3,0.3,1,0.05,1
10,6,3,0.4,0.9,0.05,0.4
10,6,3,0.4,0.925,0.05,0.367
10,6,3,0.4,0.95,0.05,0.385
10,6,3,0.4,0.975,0.05,0.389
10,6,3,0.4,1,0.05,1
10,6,3,0.5,0.9,0.05,0.749
10,6,3,0.5,0.925,0.05,0.75
10,6,3,0.5,0.95,0.05,0.746
10,6,3,0.5,0.975,0.05,0.756
10,6,3,0.5,1,0.05,1
10,6,3,0.6,0.9,0.05,0.943
10,6,3,0.6,0.925,0.05,0.932
10,6,3,0.6,0.95,0.05,0.941
10,6,3,0.6,0.975,0.05,0.934
10,6,3,0.6,1,0.05,1
10,6,3,0.7,0.9,0.05,0.992
10,6,3,0.7,0.925,0.05,0.99
10,6,3,0.7,0.95,0.05,0.994
10,6,3,0.7,0.975,0.05,0.994
10,6,3,0.7,1,0.05,1
10,6,3,0.8,0.9,0.05,1
10,6,3,0.8,0.925,0.05,1
10,6,3,0.8,0.95,0.05,1
10,6,3,0.8,0.975,0.05,1
10,6,3,0.8,1,0.05,1
10,6,4,0.2,0.9,0.05,0
10,6,4,0.2,0.925,0.05,0
10,6,4,0.2,0.95,0.05,0
10,6,4,0.2,0.975,0.05,0
10,6,4,0.2,1,0.05,1
10,6,4,0.3,0.9,0.05,0
10,6,4,0.3,0.925,0.05,0
10,6,4,0.3,0.95,0.05,0
10,6,4,0.3,0.975,0.05,0
10,6,4,0.3,1,0.05,1
10,6,4,0.4,0.9,0.05,0
10,6,4,0.4,0.925,0.05,0
10,6,4,0.4,0.95,0.05,0
10,6,4,0.4,0.975,0.05,0
10,6,4,0.4,1,0.05,1
10,6,4,0.5,0.9,0.05,0.233
10,6,4,0.5,0.925,0.05,0.239
10,6,4,0.5,0.95,0.05,0.245
10,6,4,0.5,0.975,0.05,0.243
10,6,4,0.5,1,0.05,1
10,6,4,0.6,0.9,0.05,0.601
10,6,4,0.6,0.925,0.05,0.584
10,6,4,0.6,0.95,0.05,0.574
10,6,4,0.6,0.975,0.05,0.574
10,6,4,0.6,1,0.05,1
10,6,4,0.7,0.9,0.05,0.869
10,6,4,0.7,0.925,0.05,0.828
10,6,4,0.7,0.95,0.05,0.855
10,6,4,0.7,0.975,0.05,0.843
10,6,4,0.7,1,0.05,1
10,6,4,0.8,0.9,0.05,0.975
10,6,4,0.8,0.925,0.05,0.984
10,6,4,0.8,0.95,0.05,0.97
10,6,4,0.8,0.975,0.05,0.98
10,6,4,0.8,1,0.05,1
10,6,5,0.2,0.9,0.05,0
10,6,5,0.2,0.925,0.05,0
10,6,5,0.2,0.95,0.05,0
10,6,5,0.2,0.975,0.05,0
10,6,5,0.2,1,0.05,1
10,6,5,0.3,0.9,0.05,0
10,6,5,0.3,0.925,0.05,0
10,6,5,0.3,0.95,0.05,0
10,6,5,0.3,0.975,0.05,0
10,6,5,0.3,1,0.05,1
10,6,5,0.4,0.9,0.05,0
10,6,5,0.4,0.925,0.05,0
10,6,5,0.4,0.95,0.05,0
10,6,5,0.4,0.975,0.05,0
10,6,5,0.4,1,0.05,1
10,6,5,0.5,0.9,0.05,0
10,6,5,0.5,0.925,0.05,0
10,6,5,0.5,0.95,0.05,0
10,6,5,0.5,0.975,0.05,0
10,6,5,0.5,1,0.05,1
10,6,5,0.6,0.9,0.05,0.134
10,6,5,0.6,0.925,0.05,0.143
10,6,5,0.6,0.95,0.05,0.102
10,6,5,0.6,0.975,0.05,0.109
10,6,5,0.6,1,0.05,1
10,6,5,0.7,0.9,0.05,0.375
10,6,5,0.7,0.925,0.05,0.355
10,6,5,0.7,0.95,0.05,0.381
10,6,5,0.7,0.975,0.05,0.401
10,6,5,0.7,1,0.05,1
10,6,5,0.8,0.9,0.05,0.701
10,6,5,0.8,0.925,0.05,0.696
10,6,5,0.8,0.95,0.05,0.693
10,6,5,0.8,0.975,0.05,0.69
10,6,5,0.8,1,0.05,1
10,6,6,0.2,0.9,0.05,0
10,6,6,0.2,0.925,0.05,0
10,6,6,0.2,0.95,0.05,0
10,6,6,0.2,0.975,0.05,0
10,6,6,0.2,1,0.05,1
10,6,6,0.3,0.9,0.05,0
10,6,6,0.3,0.925,0.05,0
10,6,6,0.3,0.95,0.05,0
10,6,6,0.3,0.975,0.05,0
10,6,6,0.3,1,0.05,1
10,6,6,0.4,0.9,0.05,0
10,6,6,0.4,0.925,0.05,0
10,6,6,0.4,0.95,0.05,0
10,6,6,0.4,0.975,0.05,0
10,6,6,0.4,1,0.05,1
10,6,6,0.5,0.9,0.05,0
10,6,6,0.5,0.925,0.05,0
10,6,6,0.5,0.95,0.05,0
10,6,6,0.5,0.975,0.05,0
10,6,6,0.5,1,0.05,1
10,6,6,0.6,0.9,0.05,0
10,6,6,0.6,0.925,0.05,0
10,6,6,0.6,0.95,0.05,0
10,6,6,0.6,0.975,0.05,0
10,6,6,0.6,1,0.05,1
10,6,6,0.7,0.9,0.05,0.036
10,6,6,0.7,0.925,0.05,0.024
10,6,6,0.7,0.95,0.05,0.03
10,6,6,0.7,0.975,0.05,0.035
10,6,6,0.7,1,0.05,1
10,6,6,0.8,0.9,0.05,0.15
10,6,6,0.8,0.925,0.05,0.139
10,6,6,0.8,0.95,0.05,0.188
10,6,6,0.8,0.975,0.05,0.16
10,6,6,0.8,1,0.05,1
10,7,1,0.2,0.9,0.05,0.849
10,7,1,0.2,0.925,0.05,0.848
10,7,1,0.2,0.95,0.05,0.844
10,7,1,0.2,0.975,0.05,0.853
10,7,1,0.2,1,0.05,1
10,7,1,0.3,0.9,0.05,0.983
10,7,1,0.3,0.925,0.05,0.982
10,7,1,0.3,0.95,0.05,0.982
10,7,1,0.3,0.975,0.05,0.984
10,7,1,0.3,1,0.05,1
10,7,1,0.4,0.9,0.05,1
10,7,1,0.4,0.925,0.05,0.998
10,7,1,0.4,0.95,0.05,1
10,7,1,0.4,0.975,0.05,0.999
10,7,1,0.4,1,0.05,1
10,7,1,0.5,0.9,0.05,1
10,7,1,0.5,0.925,0.05,1
10,7,1,0.5,0.95,0.05,1
10,7,1,0.5,0.975,0.05,1
10,7,1,0.5,1,0.05,1
10,7,1,0.6,0.9,0.05,1
10,7,1,0.6,0.925,0.05,1
10,7,1,0.6,0.95,0.05,1
10,7,1,0.6,0.975,0.05,1
10,7,1,0.6,1,0.05,1
10,7,1,0.7,0.9,0.05,1
10,7,1,0.7,0.925,0.05,1
10,7,1,0.7,0.95,0.05,1
10,7,1,0.7,0.975,0.05,1
10,7,1,0.7,1,0.05,1
10,7,1,0.8,0.9,0.05,1
10,7,1,0.8,0.925,0.05,1
10,7,1,0.8,0.95,0.05,1
10,7,1,0.8,0.975,0.05,1
10,7,1,0.8,1,0.05,1
10,7,2,0.2,0.9,0.05,0
10,7,2,0.2,0.925,0.05,0
10,7,2,0.2,0.95,0.05,0
10,7,2,0.2,0.975,0.05,0
10,7,2,0.2,1,0.05,1
10,7,2,0.3,0.9,0.05,0.701
10,7,2,0.3,0.925,0.05,0.704
10,7,2,0.3,0.95,0.05,0.71
10,7,2,0.3,0.975,0.05,0.691
10,7,2,0.3,1,0.05,1
10,7,2,0.4,0.9,0.05,0.96
10,7,2,0.4,0.925,0.05,0.949
10,7,2,0.4,0.95,0.05,0.954
10,7,2,0.4,0.975,0.05,0.951
10,7,2,0.4,1,0.05,1
10,7,2,0.5,0.9,0.05,0.995
10,7,2,0.5,0.925,0.05,0.997
10,7,2,0.5,0.95,0.05,0.997
10,7,2,0.5,0.975,0.05,0.999
10,7,2,0.5,1,0.05,1
10,7,2,0.6,0.9,0.05,1
10,7,2,0.6,0.925,0.05,1
10,7,2,0.6,0.95,0.05,1
10,7,2,0.6,0.975,0.05,1
10,7,2,0.6,1,0.05,1
10,7,2,0.7,0.9,0.05,1
10,7,2,0.7,0.925,0.05,1
10,7,2,0.7,0.95,0.05,1
10,7,2,0.7,0.975,0.05,1
10,7,2,0.7,1,0.05,1
10,7,2,0.8,0.9,0.05,1
10,7,2,0.8,0.925,0.05,1
10,7,2,0.8,0.95,0.05,1
10,7,2,0.8,0.975,0.05,1
10,7,2,0.8,1,0.05,1
10,7,3,0.2,0.9,0.05,0
10,7,3,0.2,0.925,0.05,0
10,7,3,0.2,0.95,0.05,0
10,7,3,0.2,0.975,0.05,0
10,7,3,0.2,1,0.05,1
10,7,3,0.3,0.9,0.05,0
10,7,3,0.3,0.925,0.05,0
10,7,3,0.3,0.95,0.05,0
10,7,3,0.3,0.975,0.05,0
10,7,3,0.3,1,0.05,1
10,7,3,0.4,0.9,0.05,0.572
10,7,3,0.4,0.925,0.05,0.561
10,7,3,0.4,0.95,0.05,0.532
10,7,3,0.4,0.975,0.05,0.53
10,7,3,0.4,1,0.05,1
10,7,3,0.5,0.9,0.05,0.893
10,7,3,0.5,0.925,0.05,0.887
10,7,3,0.5,0.95,0.05,0.891
10,7,3,0.5,0.975,0.05,0.902
10,7,3,0.5,1,0.05,1
10,7,3,0.6,0.9,0.05,0.992
10,7,3,0.6,0.925,0.05,0.988
10,7,3,0.6,0.95,0.05,0.987
10,7,3,0.6,0.975,0.05,0.995
10,7,3,0.6,1,0.05,1
10,7,3,0.7,0.9,0.05,1
10,7,3,0.7,0.925,0.05,1
10,7,3,0.7,0.95,0.05,1
10,7,3,0.7,0.975,0.05,1
10,7,3,0.7,1,0.05,1
10,7,3,0.8,0.9,0.05,1
10,7,3,0.8,0.925,0.05,1
10,7,3,0.8,0.95,0.05,1
10,7,3,0.8,0.975,0.05,1
10,7,3,0.8,1,0.05,1
10,7,4,0.2,0.9,0.05,0
10,7,4,0.2,0.925,0.05,0
10,7,4,0.2,0.95,0.05,0
10,7,4,0.2,0.975,0.05,0
10,7,4,0.2,1,0.05,1
10,7,4,0.3,0.9,0.05,0
10,7,4,0.3,0.925,0.05,0
10,7,4,0.3,0.95,0.05,0
10,7,4,0.3,0.975,0.05,0
10,7,4,0.3,1,0.05,1
10,7,4,0.4,0.9,0.05,0
10,7,4,0.4,0.925,0.05,0
10,7,4,0.4,0.95,0.05,0
10,7,4,0.4,0.975,0.05,0
10,7,4,0.4,1,0.05,1
10,7,4,0.5,0.9,0.05,0.388
10,7,4,0.5,0.925,0.05,0.391
10,7,4,0.5,0.95,0.05,0.406
10,7,4,0.5,0.975,0.05,0.417
10,7,4,0.5,1,0.05,1
10,7,4,0.6,0.9,0.05,0.784
10,7,4,0.6,0.925,0.05,0.812
10,7,4,0.6,0.95,0.05,0.793
10,7,4,0.6,0.975,0.05,0.803
10,7,4,0.6,1,0.05,1
10,7,4,0.7,0.9,0.05,0.974
10,7,4,0.7,0.925,0.05,0.972
10,7,4,0.7,0.95,0.05,0.966
10,7,4,0.7,0.975,0.05,0.97
10,7,4,0.7,1,0.05,1
10,7,4,0.8,0.9,0.05,1
10,7,4,0.8,0.925,0.05,1
10,7,4,0.8,0.95,0.05,1
10,7,4,0.8,0.975,0.05,1
10,7,4,0.8,1,0.05,1
10,7,5,0.2,0.9,0.05,0
10,7,5,0.2,0.925,0.05,0
10,7,5,0.2,0.95,0.05,0
10,7,5,0.2,0.975,0.05,0
10,7,5,0.2,1,0.05,1
10,7,5,0.3,0.9,0.05,0
10,7,5,0.3,0.925,0.05,0
10,7,5,0.3,0.95,0.05,0
10,7,5,0.3,0.975,0.05,0
10,7,5,0.3,1,0.05,1
10,7,5,0.4,0.9,0.05,0
10,7,5,0.4,0.925,0.05,0
10,7,5,0.4,0.95,0.05,0
10,7,5,0.4,0.975,0.05,0
10,7,5,0.4,1,0.05,1
10,7,5,0.5,0.9,0.05,0
10,7,5,0.5,0.925,0.05,0
10,7,5,0.5,0.95,0.05,0
10,7,5,0.5,0.975,0.05,0
10,7,5,0.5,1,0.05,1
10,7,5,0.6,0.9,0.05,0.273
10,7,5,0.6,0.925,0.05,0.271
10,7,5,0.6,0.95,0.05,0.27
10,7,5,0.6,0.975,0.05,0.278
10,7,5,0.6,1,0.05,1
10,7,5,0.7,0.9,0.05,0.672
10,7,5,0.7,0.925,0.05,0.645
10,7,5,0.7,0.95,0.05,0.675
10,7,5,0.7,0.975,0.05,0.674
10,7,5,0.7,1,0.05,1
10,7,5,0.8,0.9,0.05,0.946
10,7,5,0.8,0.925,0.05,0.935
10,7,5,0.8,0.95,0.05,0.927
10,7,5,0.8,0.975,0.05,0.937
10,7,5,0.8,1,0.05,1
10,7,6,0.2,0.9,0.05,0
10,7,6,0.2,0.925,0.05,0
10,7,6,0.2,0.95,0.05,0
10,7,6,0.2,0.975,0.05,0
10,7,6,0.2,1,0.05,1
10,7,6,0.3,0.9,0.05,0
10,7,6,0.3,0.925,0.05,0
10,7,6,0.3,0.95,0.05,0
10,7,6,0.3,0.975,0.05,0
10,7,6,0.3,1,0.05,1
10,7,6,0.4,0.9,0.05,0
10,7,6,0.4,0.925,0.05,0
10,7,6,0.4,0.95,0.05,0
10,7,6,0.4,0.975,0.05,0
10,7,6,0.4,1,0.05,1
10,7,6,0.5,0.9,0.05,0
10,7,6,0.5,0.925,0.05,0
10,7,6,0.5,0.95,0.05,0
10,7,6,0.5,0.975,0.05,0
10,7,6,0.5,1,0.05,1
10,7,6,0.6,0.9,0.05,0
10,7,6,0.6,0.925,0.05,0
10,7,6,0.6,0.95,0.05,0
10,7,6,0.6,0.975,0.05,0
10,7,6,0.6,1,0.05,1
10,7,6,0.7,0.9,0.05,0.145
10,7,6,0.7,0.925,0.05,0.155
10,7,6,0.7,0.95,0.05,0.144
10,7,6,0.7,0.975,0.05,0.13
10,7,6,0.7,1,0.05,1
10,7,6,0.8,0.9,0.05,0.494
10,7,6,0.8,0.925,0.05,0.492
10,7,6,0.8,0.95,0.05,0.495
10,7,6,0.8,0.975,0.05,0.514
10,7,6,0.8,1,0.05,1
10,7,7,0.2,0.9,0.05,0
10,7,7,0.2,0.925,0.05,0
10,7,7,0.2,0.95,0.05,0
10,7,7,0.2,0.975,0.05,0
10,7,7,0.2,1,0.05,1
10,7,7,0.3,0.9,0.05,0
10,7,7,0.3,0.925,0.05,0
10,7,7,0.3,0.95,0.05,0
10,7,7,0.3,0.975,0.05,0
10,7,7,0.3,1,0.05,1
10,7,7,0.4,0.9,0.05,0
10,7,7,0.4,0.925,0.05,0
10,7,7,0.4,0.95,0.05,0
10,7,7,0.4,0.975,0.05,0
10,7,7,0.4,1,0.05,1
10,7,7,0.5,0.9,0.05,0
10,7,7,0.5,0.925,0.05,0
10,7,7,0.5,0.95,0.05,0
10,7,7,0.5,0.975,0.05,0
10,7,7,0.5,1,0.05,1
10,7,7,0.6,0.9,0.05,0
10,7,7,0.6,0.925,0.05,0
10,7,7,0.6,0.95,0.05,0
10,7,7,0.6,0.975,0.05,0
10,7,7,0.6,1,0.05,1
10,7,7,0.7,0.9,0.05,0
10,7,7,0.7,0.925,0.05,0
10,7,7,0.7,0.95,0.05,0
10,7,7,0.7,0.975,0.05,0
10,7,7,0.7,1,0.05,1
10,7,7,0.8,0.9,0.05,0.061
10,7,7,0.8,0.925,0.05,0.053
10,7,7,0.8,0.95,0.05,0.052
10,7,7,0.8,0.975,0.05,0.051
10,7,7,0.8,1,0.05,1
100,2,1,0.2,0.9,0.05,0.559
100,2,1,0.2,0.925,0.05,0.585
100,2,1,0.2,0.95,0.05,0.736
100,2,1,0.2,0.975,0.05,0.741
100,2,1,0.2,1,0.05,1
100,2,1,0.3,0.9,0.05,0.634
100,2,1,0.3,0.925,0.05,0.615
100,2,1,0.3,0.95,0.05,0.737
100,2,1,0.3,0.975,0.05,0.84
100,2,1,0.3,1,0.05,1
100,2,1,0.4,0.9,0.05,0.72
100,2,1,0.4,0.925,0.05,0.784
100,2,1,0.4,0.95,0.05,0.84
100,2,1,0.4,0.975,0.05,0.916
100,2,1,0.4,1,0.05,1
100,2,1,0.5,0.9,0.05,0.799
100,2,1,0.5,0.925,0.05,0.845
100,2,1,0.5,0.95,0.05,0.88
100,2,1,0.5,0.975,0.05,0.923
100,2,1,0.5,1,0.05,1
100,2,1,0.6,0.9,0.05,0.881
100,2,1,0.6,0.925,0.05,0.915
100,2,1,0.6,0.95,0.05,0.955
100,2,1,0.6,0.975,0.05,0.96
100,2,1,0.6,1,0.05,1
100,2,1,0.7,0.9,0.05,0.937
100,2,1,0.7,0.925,0.05,0.949
100,2,1,0.7,0.95,0.05,0.964
100,2,1,0.7,0.975,0.05,0.984
100,2,1,0.7,1,0.05,1
100,2,1,0.8,0.9,0.05,0.98
100,2,1,0.8,0.925,0.05,0.981
100,2,1,0.8,0.95,0.05,0.989
100,2,1,0.8,0.975,0.05,0.995
100,2,1,0.8,1,0.05,1
100,2,2,0.2,0.9,0.05,0.07
100,2,2,0.2,0.925,0.05,0.065
100,2,2,0.2,0.95,0.05,0.233
100,2,2,0.2,0.975,0.05,0.253
100,2,2,0.2,1,0.05,1
100,2,2,0.3,0.9,0.05,0.053
100,2,2,0.3,0.925,0.05,0.074
100,2,2,0.3,0.95,0.05,0.16
100,2,2,0.3,0.975,0.05,0.393
100,2,2,0.3,1,0.05,1
100,2,2,0.4,0.9,0.05,0.078
100,2,2,0.4,0.925,0.05,0.159
100,2,2,0.4,0.95,0.05,0.277
100,2,2,0.4,0.975,0.05,0.509
100,2,2,0.4,1,0.05,1
100,2,2,0.5,0.9,0.05,0.112
100,2,2,0.5,0.925,0.05,0.161
100,2,2,0.5,0.95,0.05,0.245
100,2,2,0.5,0.975,0.05,0.371
100,2,2,0.5,1,0.05,1
100,2,2,0.6,0.9,0.05,0.175
100,2,2,0.6,0.925,0.05,0.238
100,2,2,0.6,0.95,0.05,0.404
100,2,2,0.6,0.975,0.05,0.558
100,2,2,0.6,1,0.05,1
100,2,2,0.7,0.9,0.05,0.285
100,2,2,0.7,0.925,0.05,0.324
100,2,2,0.7,0.95,0.05,0.475
100,2,2,0.7,0.975,0.05,0.709
100,2,2,0.7,1,0.05,1
100,2,2,0.8,0.9,0.05,0.405
100,2,2,0.8,0.925,0.05,0.546
100,2,2,0.8,0.95,0.05,0.711
100,2,2,0.8,0.975,0.05,0.842
100,2,2,0.8,1,0.05,1
100,3,1,0.2,0.9,0.05,0.692
100,3,1,0.2,0.925,0.05,0.71
100,3,1,0.2,0.95,0.05,0.837
100,3,1,0.2,0.975,0.05,0.839
100,3,1,0.2,1,0.05,1
100,3,1,0.3,0.9,0.05,0.777
100,3,1,0.3,0.925,0.05,0.789
100,3,1,0.3,0.95,0.05,0.863
100,3,1,0.3,0.975,0.05,0.922
100,3,1,0.3,1,0.05,1
100,3,1,0.4,0.9,0.05,0.876
100,3,1,0.4,0.925,0.05,0.915
100,3,1,0.4,0.95,0.05,0.925
100,3,1,0.4,0.975,0.05,0.956
100,3,1,0.4,1,0.05,1
100,3,1,0.5,0.9,0.05,0.94
100,3,1,0.5,0.925,0.05,0.947
100,3,1,0.5,0.95,0.05,0.962
100,3,1,0.5,0.975,0.05,0.978
100,3,1,0.5,1,0.05,1
100,3,1,0.6,0.9,0.05,0.956
100,3,1,0.6,0.925,0.05,0.971
100,3,1,0.6,0.95,0.05,0.991
100,3,1,0.6,0.975,0.05,0.993
100,3,1,0.6,1,0.05,1
100,3,1,0.7,0.9,0.05,0.996
100,3,1,0.7,0.925,0.05,0.987
100,3,1,0.7,0.95,0.05,0.994
100,3,1,0.7,0.975,0.05,0.998
100,3,1,0.7,1,0.05,1
100,3,1,0.8,0.9,0.05,0.995
100,3,1,0.8,0.925,0.05,1
100,3,1,0.8,0.95,0.05,1
100,3,1,0.8,0.975,0.05,1
100,3,1,0.8,1,0.05,1
100,3,2,0.2,0.9,0.05,0.198
100,3,2,0.2,0.925,0.05,0.181
100,3,2,0.2,0.95,0.05,0.441
100,3,2,0.2,0.975,0.05,0.439
100,3,2,0.2,1,0.05,1
100,3,2,0.3,0.9,0.05,0.207
100,3,2,0.3,0.925,0.05,0.239
100,3,2,0.3,0.95,0.05,0.397
100,3,2,0.3,0.975,0.05,0.622
100,3,2,0.3,1,0.05,1
100,3,2,0.4,0.9,0.05,0.33
100,3,2,0.4,0.925,0.05,0.433
100,3,2,0.4,0.95,0.05,0.598
100,3,2,0.4,0.975,0.05,0.756
100,3,2,0.4,1,0.05,1
100,3,2,0.5,0.9,0.05,0.447
100,3,2,0.5,0.925,0.05,0.509
100,3,2,0.5,0.95,0.05,0.644
100,3,2,0.5,0.975,0.05,0.732
100,3,2,0.5,1,0.05,1
100,3,2,0.6,0.9,0.05,0.649
100,3,2,0.6,0.925,0.05,0.686
100,3,2,0.6,0.95,0.05,0.796
100,3,2,0.6,0.975,0.05,0.855
100,3,2,0.6,1,0.05,1
100,3,2,0.7,0.9,0.05,0.744
100,3,2,0.7,0.925,0.05,0.799
100,3,2,0.7,0.95,0.05,0.859
100,3,2,0.7,0.975,0.05,0.942
100,3,2,0.7,1,0.05,1
100,3,2,0.8,0.9,0.05,0.865
100,3,2,0.8,0.925,0.05,0.92
100,3,2,0.8,0.95,0.05,0.952
100,3,2,0.8,0.975,0.05,0.969
100,3,2,0.8,1,0.05,1
100,3,3,0.2,0.9,0.05,0.017
100,3,3,0.2,0.925,0.05,0.017
100,3,3,0.2,0.95,0.05,0.085
100,3,3,0.2,0.975,0.05,0.092
100,3,3,0.2,1,0.05,1
100,3,3,0.3,0.9,0.05,0.012
100,3,3,0.3,0.925,0.05,0.009
100,3,3,0.3,0.95,0.05,0.04
100,3,3,0.3,0.975,0.05,0.185
100,3,3,0.3,1,0.05,1
100,3,3,0.4,0.9,0.05,0.011
100,3,3,0.4,0.925,0.05,0.044
100,3,3,0.4,0.95,0.05,0.108
100,3,3,0.4,0.975,0.05,0.338
100,3,3,0.4,1,0.05,1
100,3,3,0.5,0.9,0.05,0.023
100,3,3,0.5,0.925,0.05,0.044
100,3,3,0.5,0.95,0.05,0.097
100,3,3,0.5,0.975,0.05,0.197
100,3,3,0.5,1,0.05,1
100,3,3,0.6,0.9,0.05,0.043
100,3,3,0.6,0.925,0.05,0.062
100,3,3,0.6,0.95,0.05,0.226
100,3,3,0.6,0.975,0.05,0.356
100,3,3,0.6,1,0.05,1
100,3,3,0.7,0.9,0.05,0.093
100,3,3,0.7,0.925,0.05,0.135
100,3,3,0.7,0.95,0.05,0.287
100,3,3,0.7,0.975,0.05,0.486
100,3,3,0.7,1,0.05,1
100,3,3,0.8,0.9,0.05,0.187
100,3,3,0.8,0.925,0.05,0.295
100,3,3,0.8,0.95,0.05,0.476
100,3,3,0.8,0.975,0.05,0.684
100,3,3,0.8,1,0.05,1
100,4,1,0.2,0.9,0.05,0.823
100,4,1,0.2,0.925,0.05,0.785
100,4,1,0.2,0.95,0.05,0.91
100,4,1,0.2,0.975,0.05,0.909
100,4,1,0.2,1,0.05,1
100,4,1,0.3,0.9,0.05,0.889
100,4,1,0.3,0.925,0.05,0.877
100,4,1,0.3,0.95,0.05,0.927
100,4,1,0.3,0.975,0.05,0.96
100,4,1,0.3,1,0.05,1
100,4,1,0.4,0.9,0.05,0.935
100,4,1,0.4,0.925,0.05,0.962
100,4,1,0.4,0.95,0.05,0.97
100,4,1,0.4,0.975,0.05,0.991
100,4,1,0.4,1,0.05,1
100,4,1,0.5,0.9,0.05,0.971
100,4,1,0.5,0.925,0.05,0.981
100,4,1,0.5,0.95,0.05,0.984
100,4,1,0.5,0.975,0.05,0.989
100,4,1,0.5,1,0.05,1
100,4,1,0.6,0.9,0.05,0.991
100,4,1,0.6,0.925,0.05,0.992
100,4,1,0.6,0.95,0.05,0.995
100,4,1,0.6,0.975,0.05,0.997
100,4,1,0.6,1,0.05,1
100,4,1,0.7,0.9,0.05,1
100,4,1,0.7,0.925,0.05,0.996
100,4,1,0.7,0.95,0.05,0.999
100,4,1,0.7,0.975,0.05,1
100,4,1,0.7,1,0.05,1
100,4,1,0.8,0.9,0.05,0.999
100,4,1,0.8,0.925,0.05,1
100,4,1,0.8,0.95,0.05,1
100,4,1,0.8,0.975,0.05,0.999
100,4,1,0.8,1,0.05,1
100,4,2,0.2,0.9,0.05,0.358
100,4,2,0.2,0.925,0.05,0.357
100,4,2,0.2,0.95,0.05,0.578
100,4,2,0.2,0.975,0.05,0.585
100,4,2,0.2,1,0.05,1
100,4,2,0.3,0.9,0.05,0.44
100,4,2,0.3,0.925,0.05,0.464
100,4,2,0.3,0.95,0.05,0.564
100,4,2,0.3,0.975,0.05,0.77
100,4,2,0.3,1,0.05,1
100,4,2,0.4,0.9,0.05,0.61
100,4,2,0.4,0.925,0.05,0.698
100,4,2,0.4,0.95,0.05,0.777
100,4,2,0.4,0.975,0.05,0.885
100,4,2,0.4,1,0.05,1
100,4,2,0.5,0.9,0.05,0.717
100,4,2,0.5,0.925,0.05,0.784
100,4,2,0.5,0.95,0.05,0.86
100,4,2,0.5,0.975,0.05,0.887
100,4,2,0.5,1,0.05,1
100,4,2,0.6,0.9,0.05,0.845
100,4,2,0.6,0.925,0.05,0.898
100,4,2,0.6,0.95,0.05,0.935
100,4,2,0.6,0.975,0.05,0.966
100,4,2,0.6,1,0.05,1
100,4,2,0.7,0.9,0.05,0.947
100,4,2,0.7,0.925,0.05,0.956
100,4,2,0.7,0.95,0.05,0.97
100,4,2,0.7,0.975,0.05,0.981
100,4,2,0.7,1,0.05,1
100,4,2,0.8,0.9,0.05,0.98
100,4,2,0.8,0.925,0.05,0.991
100,4,2,0.8,0.95,0.05,0.991
100,4,2,0.8,0.975,0.05,0.999
100,4,2,0.8,1,0.05,1
100,4,3,0.2,0.9,0.05,0.056
100,4,3,0.2,0.925,0.05,0.06
100,4,3,0.2,0.95,0.05,0.231
100,4,3,0.2,0.975,0.05,0.2
100,4,3,0.2,1,0.05,1
100,4,3,0.3,0.9,0.05,0.078
100,4,3,0.3,0.925,0.05,0.072
100,4,3,0.3,0.95,0.05,0.152
100,4,3,0.3,0.975,0.05,0.379
100,4,3,0.3,1,0.05,1
100,4,3,0.4,0.9,0.05,0.126
100,4,3,0.4,0.925,0.05,0.205
100,4,3,0.4,0.95,0.05,0.378
100,4,3,0.4,0.975,0.05,0.582
100,4,3,0.4,1,0.05,1
100,4,3,0.5,0.9,0.05,0.224
100,4,3,0.5,0.925,0.05,0.258
100,4,3,0.5,0.95,0.05,0.382
100,4,3,0.5,0.975,0.05,0.535
100,4,3,0.5,1,0.05,1
100,4,3,0.6,0.9,0.05,0.356
100,4,3,0.6,0.925,0.05,0.406
100,4,3,0.6,0.95,0.05,0.602
100,4,3,0.6,0.975,0.05,0.71
100,4,3,0.6,1,0.05,1
100,4,3,0.7,0.9,0.05,0.532
100,4,3,0.7,0.925,0.05,0.556
100,4,3,0.7,0.95,0.05,0.74
100,4,3,0.7,0.975,0.05,0.862
100,4,3,0.7,1,0.05,1
100,4,3,0.8,0.9,0.05,0.747
100,4,3,0.8,0.925,0.05,0.804
100,4,3,0.8,0.95,0.05,0.904
100,4,3,0.8,0.975,0.05,0.943
100,4,3,0.8,1,0.05,1
100,4,4,0.2,0.9,0.05,0.004
100,4,4,0.2,0.925,0.05,0.002
100,4,4,0.2,0.95,0.05,0.035
100,4,4,0.2,0.975,0.05,0.048
100,4,4,0.2,1,0.05,1
100,4,4,0.3,0.9,0.05,0.002
100,4,4,0.3,0.925,0.05,0.002
100,4,4,0.3,0.95,0.05,0.009
100,4,4,0.3,0.975,0.05,0.095
100,4,4,0.3,1,0.05,1
100,4,4,0.4,0.9,0.05,0.003
100,4,4,0.4,0.925,0.05,0.013
100,4,4,0.4,0.95,0.05,0.039
100,4,4,0.4,0.975,0.05,0.21
100,4,4,0.4,1,0.05,1
100,4,4,0.5,0.9,0.05,0.003
100,4,4,0.5,0.925,0.05,0.011
100,4,4,0.5,0.95,0.05,0.047
100,4,4,0.5,0.975,0.05,0.097
100,4,4,0.5,1,0.05,1
100,4,4,0.6,0.9,0.05,0.007
100,4,4,0.6,0.925,0.05,0.012
100,4,4,0.6,0.95,0.05,0.091
100,4,4,0.6,0.975,0.05,0.224
100,4,4,0.6,1,0.05,1
100,4,4,0.7,0.9,0.05,0.031
100,4,4,0.7,0.925,0.05,0.055
100,4,4,0.7,0.95,0.05,0.148
100,4,4,0.7,0.975,0.05,0.335
100,4,4,0.7,1,0.05,1
100,4,4,0.8,0.9,0.05,0.064
100,4,4,0.8,0.925,0.05,0.147
100,4,4,0.8,0.95,0.05,0.301
100,4,4,0.8,0.975,0.05,0.593
100,4,4,0.8,1,0.05,1
100,5,1,0.2,0.9,0.05,0.867
100,5,1,0.2,0.925,0.05,0.865
100,5,1,0.2,0.95,0.05,0.941
100,5,1,0.2,0.975,0.05,0.949
100,5,1,0.2,1,0.05,1
100,5,1,0.3,0.9,0.05,0.929
100,5,1,0.3,0.925,0.05,0.945
100,5,1,0.3,0.95,0.05,0.966
100,5,1,0.3,0.975,0.05,0.981
100,5,1,0.3,1,0.05,1
100,5,1,0.4,0.9,0.05,0.982
100,5,1,0.4,0.925,0.05,0.981
100,5,1,0.4,0.95,0.05,0.993
100,5,1,0.4,0.975,0.05,0.994
100,5,1,0.4,1,0.05,1
100,5,1,0.5,0.9,0.05,0.989
100,5,1,0.5,0.925,0.05,0.996
100,5,1,0.5,0.95,0.05,0.996
100,5,1,0.5,0.975,0.05,0.998
100,5,1,0.5,1,0.05,1
100,5,1,0.6,0.9,0.05,0.993
100,5,1,0.6,0.925,0.05,0.999
100,5,1,0.6,0.95,0.05,0.997
100,5,1,0.6,0.975,0.05,0.999
100,5,1,0.6,1,0.05,1
100,5,1,0.7,0.9,0.05,1
100,5,1,0.7,0.925,0.05,1
100,5,1,0.7,0.95,0.05,1
100,5,1,0.7,0.975,0.05,1
100,5,1,0.7,1,0.05,1
100,5,1,0.8,0.9,0.05,1
100,5,1,0.8,0.925,0.05,1
100,5,1,0.8,0.95,0.05,1
100,5,1,0.8,0.975,0.05,1
100,5,1,0.8,1,0.05,1
100,5,2,0.2,0.9,0.05,0.504
100,5,2,0.2,0.925,0.05,0.505
100,5,2,0.2,0.95,0.05,0.7
100,5,2,0.2,0.975,0.05,0.697
100,5,2,0.2,1,0.05,1
100,5,2,0.3,0.9,0.05,0.639
100,5,2,0.3,0.925,0.05,0.627
100,5,2,0.3,0.95,0.05,0.725
100,5,2,0.3,0.975,0.05,0.848
100,5,2,0.3,1,0.05,1
100,5,2,0.4,0.9,0.05,0.781
100,5,2,0.4,0.925,0.05,0.82
100,5,2,0.4,0.95,0.05,0.893
100,5,2,0.4,0.975,0.05,0.947
100,5,2,0.4,1,0.05,1
100,5,2,0.5,0.9,0.05,0.873
100,5,2,0.5,0.925,0.05,0.913
100,5,2,0.5,0.95,0.05,0.94
100,5,2,0.5,0.975,0.05,0.954
100,5,2,0.5,1,0.05,1
100,5,2,0.6,0.9,0.05,0.952
100,5,2,0.6,0.925,0.05,0.97
100,5,2,0.6,0.95,0.05,0.977
100,5,2,0.6,0.975,0.05,0.994
100,5,2,0.6,1,0.05,1
100,5,2,0.7,0.9,0.05,0.989
100,5,2,0.7,0.925,0.05,0.991
100,5,2,0.7,0.95,0.05,0.991
100,5,2,0.7,0.975,0.05,0.999
100,5,2,0.7,1,0.05,1
100,5,2,0.8,0.9,0.05,0.999
100,5,2,0.8,0.925,0.05,0.999
100,5,2,0.8,0.95,0.05,0.999
100,5,2,0.8,0.975,0.05,1
100,5,2,0.8,1,0.05,1
100,5,3,0.2,0.9,0.05,0.14
100,5,3,0.2,0.925,0.05,0.144
100,5,3,0.2,0.95,0.05,0.364
100,5,3,0.2,0.975,0.05,0.333
100,5,3,0.2,1,0.05,1
100,5,3,0.3,0.9,0.05,0.209
100,5,3,0.3,0.925,0.05,0.188
100,5,3,0.3,0.95,0.05,0.332
100,5,3,0.3,0.975,0.05,0.578
100,5,3,0.3,1,0.05,1
100,5,3,0.4,0.9,0.05,0.314
100,5,3,0.4,0.925,0.05,0.467
100,5,3,0.4,0.95,0.05,0.592
100,5,3,0.4,0.975,0.05,0.745
100,5,3,0.4,1,0.05,1
100,5,3,0.5,0.9,0.05,0.476
100,5,3,0.5,0.925,0.05,0.591
100,5,3,0.5,0.95,0.05,0.657
100,5,3,0.5,0.975,0.05,0.751
100,5,3,0.5,1,0.05,1
100,5,3,0.6,0.9,0.05,0.677
100,5,3,0.6,0.925,0.05,0.757
100,5,3,0.6,0.95,0.05,0.843
100,5,3,0.6,0.975,0.05,0.891
100,5,3,0.6,1,0.05,1
100,5,3,0.7,0.9,0.05,0.851
100,5,3,0.7,0.925,0.05,0.866
100,5,3,0.7,0.95,0.05,0.915
100,5,3,0.7,0.975,0.05,0.962
100,5,3,0.7,1,0.05,1
100,5,3,0.8,0.9,0.05,0.935
100,5,3,0.8,0.925,0.05,0.959
100,5,3,0.8,0.95,0.05,0.98
100,5,3,0.8,0.975,0.05,0.993
100,5,3,0.8,1,0.05,1
100,5,4,0.2,0.9,0.05,0.021
100,5,4,0.2,0.925,0.05,0.019
100,5,4,0.2,0.95,0.05,0.115
100,5,4,0.2,0.975,0.05,0.099
100,5,4,0.2,1,0.05,1
100,5,4,0.3,0.9,0.05,0.021
100,5,4,0.3,0.925,0.05,0.03
100,5,4,0.3,0.95,0.05,0.056
100,5,4,0.3,0.975,0.05,0.2
100,5,4,0.3,1,0.05,1
100,5,4,0.4,0.9,0.05,0.044
100,5,4,0.4,0.925,0.05,0.079
100,5,4,0.4,0.95,0.05,0.175
100,5,4,0.4,0.975,0.05,0.422
100,5,4,0.4,1,0.05,1
100,5,4,0.5,0.9,0.05,0.084
100,5,4,0.5,0.925,0.05,0.116
100,5,4,0.5,0.95,0.05,0.207
100,5,4,0.5,0.975,0.05,0.345
100,5,4,0.5,1,0.05,1
100,5,4,0.6,0.9,0.05,0.164
100,5,4,0.6,0.925,0.05,0.222
100,5,4,0.6,0.95,0.05,0.411
100,5,4,0.6,0.975,0.05,0.537
100,5,4,0.6,1,0.05,1
100,5,4,0.7,0.9,0.05,0.332
100,5,4,0.7,0.925,0.05,0.392
100,5,4,0.7,0.95,0.05,0.544
100,5,4,0.7,0.975,0.05,0.772
100,5,4,0.7,1,0.05,1
100,5,4,0.8,0.9,0.05,0.569
100,5,4,0.8,0.925,0.05,0.702
100,5,4,0.8,0.95,0.05,0.815
100,5,4,0.8,0.975,0.05,0.89
100,5,4,0.8,1,0.05,1
100,5,5,0.2,0.9,0.05,0
100,5,5,0.2,0.925,0.05,0.001
100,5,5,0.2,0.95,0.05,0.017
100,5,5,0.2,0.975,0.05,0.016
100,5,5,0.2,1,0.05,1
100,5,5,0.3,0.9,0.05,0
100,5,5,0.3,0.925,0.05,0
100,5,5,0.3,0.95,0.05,0.005
100,5,5,0.3,0.975,0.05,0.053
100,5,5,0.3,1,0.05,1
100,5,5,0.4,0.9,0.05,0.002
100,5,5,0.4,0.925,0.05,0.004
100,5,5,0.4,0.95,0.05,0.014
100,5,5,0.4,0.975,0.05,0.101
100,5,5,0.4,1,0.05,1
100,5,5,0.5,0.9,0.05,0
100,5,5,0.5,0.925,0.05,0.003
100,5,5,0.5,0.95,0.05,0.009
100,5,5,0.5,0.975,0.05,0.053
100,5,5,0.5,1,0.05,1
100,5,5,0.6,0.9,0.05,0.001
100,5,5,0.6,0.925,0.05,0.002
100,5,5,0.6,0.95,0.05,0.062
100,5,5,0.6,0.975,0.05,0.141
100,5,5,0.6,1,0.05,1
100,5,5,0.7,0.9,0.05,0.006
100,5,5,0.7,0.925,0.05,0.014
100,5,5,0.7,0.95,0.05,0.055
100,5,5,0.7,0.975,0.05,0.27
100,5,5,0.7,1,0.05,1
100,5,5,0.8,0.9,0.05,0.02
100,5,5,0.8,0.925,0.05,0.083
100,5,5,0.8,0.95,0.05,0.183
100,5,5,0.8,0.975,0.05,0.47
100,5,5,0.8,1,0.05,1
100,6,1,0.2,0.9,0.05,0.904
100,6,1,0.2,0.925,0.05,0.927
100,6,1,0.2,0.95,0.05,0.961
100,6,1,0.2,0.975,0.05,0.961
100,6,1,0.2,1,0.05,1
100,6,1,0.3,0.9,0.05,0.966
100,6,1,0.3,0.925,0.05,0.972
100,6,1,0.3,0.95,0.05,0.978
100,6,1,0.3,0.975,0.05,0.993
100,6,1,0.3,1,0.05,1
100,6,1,0.4,0.9,0.05,0.989
100,6,1,0.4,0.925,0.05,0.987
100,6,1,0.4,0.95,0.05,0.993
100,6,1,0.4,0.975,0.05,0.998
100,6,1,0.4,1,0.05,1
100,6,1,0.5,0.9,0.05,0.993
100,6,1,0.5,0.925,0.05,0.995
100,6,1,0.5,0.95,0.05,0.998
100,6,1,0.5,0.975,0.05,1
100,6,1,0.5,1,0.05,1
100,6,1,0.6,0.9,0.05,0.999
100,6,1,0.6,0.925,0.05,1
100,6,1,0.6,0.95,0.05,1
100,6,1,0.6,0.975,0.05,1
100,6,1,0.6,1,0.05,1
100,6,1,0.7,0.9,0.05,1
100,6,1,0.7,0.925,0.05,1
100,6,1,0.7,0.95,0.05,1
100,6,1,0.7,0.975,0.05,1
100,6,1,0.7,1,0.05,1
100,6,1,0.8,0.9,0.05,1
100,6,1,0.8,0.925,0.05,1
100,6,1,0.8,0.95,0.05,1
100,6,1,0.8,0.975,0.05,1
100,6,1,0.8,1,0.05,1
100,6,2,0.2,0.9,0.05,0.603
100,6,2,0.2,0.925,0.05,0.624
100,6,2,0.2,0.95,0.05,0.784
100,6,2,0.2,0.975,0.05,0.765
100,6,2,0.2,1,0.05,1
100,6,2,0.3,0.9,0.05,0.767
100,6,2,0.3,0.925,0.05,0.757
100,6,2,0.3,0.95,0.05,0.827
100,6,2,0.3,0.975,0.05,0.908
100,6,2,0.3,1,0.05,1
100,6,2,0.4,0.9,0.05,0.901
100,6,2,0.4,0.925,0.05,0.915
100,6,2,0.4,0.95,0.05,0.947
100,6,2,0.4,0.975,0.05,0.961
100,6,2,0.4,1,0.05,1
100,6,2,0.5,0.9,0.05,0.964
100,6,2,0.5,0.925,0.05,0.954
100,6,2,0.5,0.95,0.05,0.973
100,6,2,0.5,0.975,0.05,0.982
100,6,2,0.5,1,0.05,1
100,6,2,0.6,0.9,0.05,0.985
100,6,2,0.6,0.925,0.05,0.99
100,6,2,0.6,0.95,0.05,0.993
100,6,2,0.6,0.975,0.05,0.994
100,6,2,0.6,1,0.05,1
100,6,2,0.7,0.9,0.05,0.999
100,6,2,0.7,0.925,0.05,0.998
100,6,2,0.7,0.95,0.05,1
100,6,2,0.7,0.975,0.05,1
100,6,2,0.7,1,0.05,1
100,6,2,0.8,0.9,0.05,0.999
100,6,2,0.8,0.925,0.05,1
100,6,2,0.8,0.95,0.05,1
100,6,2,0.8,0.975,0.05,1
100,6,2,0.8,1,0.05,1
100,6,3,0.2,0.9,0.05,0.255
100,6,3,0.2,0.925,0.05,0.264
100,6,3,0.2,0.95,0.05,0.499
100,6,3,0.2,0.975,0.05,0.463
100,6,3,0.2,1,0.05,1
100,6,3,0.3,0.9,0.05,0.377
100,6,3,0.3,0.925,0.05,0.373
100,6,3,0.3,0.95,0.05,0.51
100,6,3,0.3,0.975,0.05,0.685
100,6,3,0.3,1,0.05,1
100,6,3,0.4,0.9,0.05,0.558
100,6,3,0.4,0.925,0.05,0.646
100,6,3,0.4,0.95,0.05,0.765
100,6,3,0.4,0.975,0.05,0.849
100,6,3,0.4,1,0.05,1
100,6,3,0.5,0.9,0.05,0.701
100,6,3,0.5,0.925,0.05,0.779
100,6,3,0.5,0.95,0.05,0.818
100,6,3,0.5,0.975,0.05,0.875
100,6,3,0.5,1,0.05,1
100,6,3,0.6,0.9,0.05,0.887
100,6,3,0.6,0.925,0.05,0.893
100,6,3,0.6,0.95,0.05,0.951
100,6,3,0.6,0.975,0.05,0.964
100,6,3,0.6,1,0.05,1
100,6,3,0.7,0.9,0.05,0.958
100,6,3,0.7,0.925,0.05,0.952
100,6,3,0.7,0.95,0.05,0.978
100,6,3,0.7,0.975,0.05,0.992
100,6,3,0.7,1,0.05,1
100,6,3,0.8,0.9,0.05,0.991
100,6,3,0.8,0.925,0.05,0.998
100,6,3,0.8,0.95,0.05,0.998
100,6,3,0.8,0.975,0.05,1
100,6,3,0.8,1,0.05,1
100,6,4,0.2,0.9,0.05,0.052
100,6,4,0.2,0.925,0.05,0.046
100,6,4,0.2,0.95,0.05,0.181
100,6,4,0.2,0.975,0.05,0.19
100,6,4,0.2,1,0.05,1
100,6,4,0.3,0.9,0.05,0.074
100,6,4,0.3,0.925,0.05,0.079
100,6,4,0.3,0.95,0.05,0.15
100,6,4,0.3,0.975,0.05,0.383
100,6,4,0.3,1,0.05,1
100,6,4,0.4,0.9,0.05,0.163
100,6,4,0.4,0.925,0.05,0.239
100,6,4,0.4,0.95,0.05,0.41
100,6,4,0.4,0.975,0.05,0.583
100,6,4,0.4,1,0.05,1
100,6,4,0.5,0.9,0.05,0.284
100,6,4,0.5,0.925,0.05,0.354
100,6,4,0.5,0.95,0.05,0.486
100,6,4,0.5,0.975,0.05,0.59
100,6,4,0.5,1,0.05,1
100,6,4,0.6,0.9,0.05,0.474
100,6,4,0.6,0.925,0.05,0.554
100,6,4,0.6,0.95,0.05,0.731
100,6,4,0.6,0.975,0.05,0.799
100,6,4,0.6,1,0.05,1
100,6,4,0.7,0.9,0.05,0.713
100,6,4,0.7,0.925,0.05,0.77
100,6,4,0.7,0.95,0.05,0.845
100,6,4,0.7,0.975,0.05,0.909
100,6,4,0.7,1,0.05,1
100,6,4,0.8,0.9,0.05,0.85
100,6,4,0.8,0.925,0.05,0.93
100,6,4,0.8,0.95,0.05,0.953
100,6,4,0.8,0.975,0.05,0.983
100,6,4,0.8,1,0.05,1
100,6,5,0.2,0.9,0.05,0.002
100,6,5,0.2,0.925,0.05,0.008
100,6,5,0.2,0.95,0.05,0.054
100,6,5,0.2,0.975,0.05,0.035
100,6,5,0.2,1,0.05,1
100,6,5,0.3,0.9,0.05,0.005
100,6,5,0.3,0.925,0.05,0.007
100,6,5,0.3,0.95,0.05,0.019
100,6,5,0.3,0.975,0.05,0.135
100,6,5,0.3,1,0.05,1
100,6,5,0.4,0.9,0.05,0.004
100,6,5,0.4,0.925,0.05,0.038
100,6,5,0.4,0.95,0.05,0.081
100,6,5,0.4,0.975,0.05,0.285
100,6,5,0.4,1,0.05,1
100,6,5,0.5,0.9,0.05,0.027
100,6,5,0.5,0.925,0.05,0.052
100,6,5,0.5,0.95,0.05,0.116
100,6,5,0.5,0.975,0.05,0.223
100,6,5,0.5,1,0.05,1
100,6,5,0.6,0.9,0.05,0.077
100,6,5,0.6,0.925,0.05,0.13
100,6,5,0.6,0.95,0.05,0.298
100,6,5,0.6,0.975,0.05,0.463
100,6,5,0.6,1,0.05,1
100,6,5,0.7,0.9,0.05,0.17
100,6,5,0.7,0.925,0.05,0.253
100,6,5,0.7,0.95,0.05,0.439
100,6,5,0.7,0.975,0.05,0.631
100,6,5,0.7,1,0.05,1
100,6,5,0.8,0.9,0.05,0.401
100,6,5,0.8,0.925,0.05,0.559
100,6,5,0.8,0.95,0.05,0.693
100,6,5,0.8,0.975,0.05,0.847
100,6,5,0.8,1,0.05,1
100,6,6,0.2,0.9,0.05,0
100,6,6,0.2,0.925,0.05,0
100,6,6,0.2,0.95,0.05,0.005
100,6,6,0.2,0.975,0.05,0.004
100,6,6,0.2,1,0.05,1
100,6,6,0.3,0.9,0.05,0
100,6,6,0.3,0.925,0.05,0
100,6,6,0.3,0.95,0.05,0
100,6,6,0.3,0.975,0.05,0.023
100,6,6,0.3,1,0.05,1
100,6,6,0.4,0.9,0.05,0
100,6,6,0.4,0.925,0.05,0
100,6,6,0.4,0.95,0.05,0.008
100,6,6,0.4,0.975,0.05,0.073
100,6,6,0.4,1,0.05,1
100,6,6,0.5,0.9,0.05,0
100,6,6,0.5,0.925,0.05,0.002
100,6,6,0.5,0.95,0.05,0.001
100,6,6,0.5,0.975,0.05,0.031
100,6,6,0.5,1,0.05,1
100,6,6,0.6,0.9,0.05,0
100,6,6,0.6,0.925,0.05,0.001
100,6,6,0.6,0.95,0.05,0.02
100,6,6,0.6,0.975,0.05,0.083
100,6,6,0.6,1,0.05,1
100,6,6,0.7,0.9,0.05,0.001
100,6,6,0.7,0.925,0.05,0.005
100,6,6,0.7,0.95,0.05,0.026
100,6,6,0.7,0.975,0.05,0.196
100,6,6,0.7,1,0.05,1
100,6,6,0.8,0.9,0.05,0.017
100,6,6,0.8,0.925,0.05,0.04
100,6,6,0.8,0.95,0.05,0.148
100,6,6,0.8,0.975,0.05,0.399
100,6,6,0.8,1,0.05,1
100,7,1,0.2,0.9,0.05,0.949
100,7,1,0.2,0.925,0.05,0.948
100,7,1,0.2,0.95,0.05,0.968
100,7,1,0.2,0.975,0.05,0.977
100,7,1,0.2,1,0.05,1
100,7,1,0.3,0.9,0.05,0.99
100,7,1,0.3,0.925,0.05,0.987
100,7,1,0.3,0.95,0.05,0.987
100,7,1,0.3,0.975,0.05,0.989
100,7,1,0.3,1,0.05,1
100,7,1,0.4,0.9,0.05,0.994
100,7,1,0.4,0.925,0.05,0.997
100,7,1,0.4,0.95,0.05,0.999
100,7,1,0.4,0.975,0.05,1
100,7,1,0.4,1,0.05,1
100,7,1,0.5,0.9,0.05,0.998
100,7,1,0.5,0.925,0.05,0.999
100,7,1,0.5,0.95,0.05,0.998
100,7,1,0.5,0.975,0.05,1
100,7,1,0.5,1,0.05,1
100,7,1,0.6,0.9,0.05,1
100,7,1,0.6,0.925,0.05,1
100,7,1,0.6,0.95,0.05,1
100,7,1,0.6,0.975,0.05,1
100,7,1,0.6,1,0.05,1
100,7,1,0.7,0.9,0.05,1
100,7,1,0.7,0.925,0.05,1
100,7,1,0.7,0.95,0.05,1
100,7,1,0.7,0.975,0.05,1
100,7,1,0.7,1,0.05,1
100,7,1,0.8,0.9,0.05,1
100,7,1,0.8,0.925,0.05,1
100,7,1,0.8,0.95,0.05,1
100,7,1,0.8,0.975,0.05,1
100,7,1,0.8,1,0.05,1
100,7,2,0.2,0.9,0.05,0.743
100,7,2,0.2,0.925,0.05,0.724
100,7,2,0.2,0.95,0.05,0.839
100,7,2,0.2,0.975,0.05,0.828
100,7,2,0.2,1,0.05,1
100,7,2,0.3,0.9,0.05,0.87
100,7,2,0.3,0.925,0.05,0.835
100,7,2,0.3,0.95,0.05,0.905
100,7,2,0.3,0.975,0.05,0.947
100,7,2,0.3,1,0.05,1
100,7,2,0.4,0.9,0.05,0.945
100,7,2,0.4,0.925,0.05,0.962
100,7,2,0.4,0.95,0.05,0.976
100,7,2,0.4,0.975,0.05,0.989
100,7,2,0.4,1,0.05,1
100,7,2,0.5,0.9,0.05,0.988
100,7,2,0.5,0.925,0.05,0.989
100,7,2,0.5,0.95,0.05,0.987
100,7,2,0.5,0.975,0.05,0.996
100,7,2,0.5,1,0.05,1
100,7,2,0.6,0.9,0.05,0.996
100,7,2,0.6,0.925,0.05,0.994
100,7,2,0.6,0.95,0.05,1
100,7,2,0.6,0.975,0.05,1
100,7,2,0.6,1,0.05,1
100,7,2,0.7,0.9,0.05,1
100,7,2,0.7,0.925,0.05,1
100,7,2,0.7,0.95,0.05,0.999
100,7,2,0.7,0.975,0.05,1
100,7,2,0.7,1,0.05,1
100,7,2,0.8,0.9,0.05,1
100,7,2,0.8,0.925,0.05,0.999
100,7,2,0.8,0.95,0.05,1
100,7,2,0.8,0.975,0.05,1
100,7,2,0.8,1,0.05,1
100,7,3,0.2,0.9,0.05,0.344
100,7,3,0.2,0.925,0.05,0.383
100,7,3,0.2,0.95,0.05,0.574
100,7,3,0.2,0.975,0.05,0.578
100,7,3,0.2,1,0.05,1
100,7,3,0.3,0.9,0.05,0.507
100,7,3,0.3,0.925,0.05,0.5
100,7,3,0.3,0.95,0.05,0.626
100,7,3,0.3,0.975,0.05,0.798
100,7,3,0.3,1,0.05,1
100,7,3,0.4,0.9,0.05,0.74
100,7,3,0.4,0.925,0.05,0.779
100,7,3,0.4,0.95,0.05,0.861
100,7,3,0.4,0.975,0.05,0.911
100,7,3,0.4,1,0.05,1
100,7,3,0.5,0.9,0.05,0.865
100,7,3,0.5,0.925,0.05,0.908
100,7,3,0.5,0.95,0.05,0.916
100,7,3,0.5,0.975,0.05,0.958
100,7,3,0.5,1,0.05,1
100,7,3,0.6,0.9,0.05,0.955
100,7,3,0.6,0.925,0.05,0.971
100,7,3,0.6,0.95,0.05,0.99
100,7,3,0.6,0.975,0.05,0.991
100,7,3,0.6,1,0.05,1
100,7,3,0.7,0.9,0.05,0.99
100,7,3,0.7,0.925,0.05,0.995
100,7,3,0.7,0.95,0.05,0.992
100,7,3,0.7,0.975,0.05,0.998
100,7,3,0.7,1,0.05,1
100,7,3,0.8,0.9,0.05,0.997
100,7,3,0.8,0.925,0.05,0.998
100,7,3,0.8,0.95,0.05,0.999
100,7,3,0.8,0.975,0.05,1
100,7,3,0.8,1,0.05,1
100,7,4,0.2,0.9,0.05,0.107
100,7,4,0.2,0.925,0.05,0.092
100,7,4,0.2,0.95,0.05,0.288
100,7,4,0.2,0.975,0.05,0.303
100,7,4,0.2,1,0.05,1
100,7,4,0.3,0.9,0.05,0.157
100,7,4,0.3,0.925,0.05,0.156
100,7,4,0.3,0.95,0.05,0.265
100,7,4,0.3,0.975,0.05,0.537
100,7,4,0.3,1,0.05,1
100,7,4,0.4,0.9,0.05,0.3
100,7,4,0.4,0.925,0.05,0.452
100,7,4,0.4,0.95,0.05,0.583
100,7,4,0.4,0.975,0.05,0.758
100,7,4,0.4,1,0.05,1
100,7,4,0.5,0.9,0.05,0.513
100,7,4,0.5,0.925,0.05,0.596
100,7,4,0.5,0.95,0.05,0.695
100,7,4,0.5,0.975,0.05,0.78
100,7,4,0.5,1,0.05,1
100,7,4,0.6,0.9,0.05,0.73
100,7,4,0.6,0.925,0.05,0.807
100,7,4,0.6,0.95,0.05,0.89
100,7,4,0.6,0.975,0.05,0.934
100,7,4,0.6,1,0.05,1
100,7,4,0.7,0.9,0.05,0.894
100,7,4,0.7,0.925,0.05,0.934
100,7,4,0.7,0.95,0.05,0.943
100,7,4,0.7,0.975,0.05,0.974
100,7,4,0.7,1,0.05,1
100,7,4,0.8,0.9,0.05,0.97
100,7,4,0.8,0.925,0.05,0.989
100,7,4,0.8,0.95,0.05,0.995
100,7,4,0.8,0.975,0.05,0.996
100,7,4,0.8,1,0.05,1
100,7,5,0.2,0.9,0.05,0.014
100,7,5,0.2,0.925,0.05,0.014
100,7,5,0.2,0.95,0.05,0.098
100,7,5,0.2,0.975,0.05,0.094
100,7,5,0.2,1,0.05,1
100,7,5,0.3,0.9,0.05,0.022
100,7,5,0.3,0.925,0.05,0.026
100,7,5,0.3,0.95,0.05,0.084
100,7,5,0.3,0.975,0.05,0.266
100,7,5,0.3,1,0.05,1
100,7,5,0.4,0.9,0.05,0.064
100,7,5,0.4,0.925,0.05,0.128
100,7,5,0.4,0.95,0.05,0.222
100,7,5,0.4,0.975,0.05,0.474
100,7,5,0.4,1,0.05,1
100,7,5,0.5,0.9,0.05,0.139
100,7,5,0.5,0.925,0.05,0.2
100,7,5,0.5,0.95,0.05,0.309
100,7,5,0.5,0.975,0.05,0.466
100,7,5,0.5,1,0.05,1
100,7,5,0.6,0.9,0.05,0.299
100,7,5,0.6,0.925,0.05,0.403
100,7,5,0.6,0.95,0.05,0.594
100,7,5,0.6,0.975,0.05,0.736
100,7,5,0.6,1,0.05,1
100,7,5,0.7,0.9,0.05,0.533
100,7,5,0.7,0.925,0.05,0.604
100,7,5,0.7,0.95,0.05,0.759
100,7,5,0.7,0.975,0.05,0.879
100,7,5,0.7,1,0.05,1
100,7,5,0.8,0.9,0.05,0.819
100,7,5,0.8,0.925,0.05,0.846
100,7,5,0.8,0.95,0.05,0.929
100,7,5,0.8,0.975,0.05,0.961
100,7,5,0.8,1,0.05,1
100,7,6,0.2,0.9,0.05,0.003
100,7,6,0.2,0.925,0.05,0.001
100,7,6,0.2,0.95,0.05,0.016
100,7,6,0.2,0.975,0.05,0.027
100,7,6,0.2,1,0.05,1
100,7,6,0.3,0.9,0.05,0.001
100,7,6,0.3,0.925,0.05,0
100,7,6,0.3,0.95,0.05,0.008
100,7,6,0.3,0.975,0.05,0.082
100,7,6,0.3,1,0.05,1
100,7,6,0.4,0.9,0.05,0.002
100,7,6,0.4,0.925,0.05,0.017
100,7,6,0.4,0.95,0.05,0.038
100,7,6,0.4,0.975,0.05,0.198
100,7,6,0.4,1,0.05,1
100,7,6,0.5,0.9,0.05,0.005
100,7,6,0.5,0.925,0.05,0.027
100,7,6,0.5,0.95,0.05,0.052
100,7,6,0.5,0.975,0.05,0.126
100,7,6,0.5,1,0.05,1
100,7,6,0.6,0.9,0.05,0.032
100,7,6,0.6,0.925,0.05,0.049
100,7,6,0.6,0.95,0.05,0.191
100,7,6,0.6,0.975,0.05,0.313
100,7,6,0.6,1,0.05,1
100,7,6,0.7,0.9,0.05,0.1
100,7,6,0.7,0.925,0.05,0.158
100,7,6,0.7,0.95,0.05,0.27
100,7,6,0.7,0.975,0.05,0.528
100,7,6,0.7,1,0.05,1
100,7,6,0.8,0.9,0.05,0.25
100,7,6,0.8,0.925,0.05,0.409
100,7,6,0.8,0.95,0.05,0.635
100,7,6,0.8,0.975,0.05,0.784
100,7,6,0.8,1,0.05,1
100,7,7,0.2,0.9,0.05,0
100,7,7,0.2,0.925,0.05,0
100,7,7,0.2,0.95,0.05,0.003
100,7,7,0.2,0.975,0.05,0.003
100,7,7,0.2,1,0.05,1
100,7,7,0.3,0.9,0.05,0
100,7,7,0.3,0.925,0.05,0
100,7,7,0.3,0.95,0.05,0
100,7,7,0.3,0.975,0.05,0.018
100,7,7,0.3,1,0.05,1
100,7,7,0.4,0.9,0.05,0
100,7,7,0.4,0.925,0.05,0
100,7,7,0.4,0.95,0.05,0.003
100,7,7,0.4,0.975,0.05,0.052
100,7,7,0.4,1,0.05,1
100,7,7,0.5,0.9,0.05,0
100,7,7,0.5,0.925,0.05,0
100,7,7,0.5,0.95,0.05,0
100,7,7,0.5,0.975,0.05,0.012
100,7,7,0.5,1,0.05,1
100,7,7,0.6,0.9,0.05,0
100,7,7,0.6,0.925,0.05,0.001
100,7,7,0.6,0.95,0.05,0.01
100,7,7,0.6,0.975,0.05,0.048
100,7,7,0.6,1,0.05,1
100,7,7,0.7,0.9,0.05,0
100,7,7,0.7,0.925,0.05,0.003
100,7,7,0.7,0.95,0.05,0.016
100,7,7,0.7,0.975,0.05,0.134
100,7,7,0.7,1,0.05,1
100,7,7,0.8,0.9,0.05,0.005
100,7,7,0.8,0.925,0.05,0.017
100,7,7,0.8,0.95,0.05,0.095
100,7,7,0.8,0.975,0.05,0.315
100,7,7,0.8,1,0.05,1
500,2,1,0.2,0.9,0.05,0.098
500,2,1,0.2,0.925,0.05,0.118
500,2,1,0.2,0.95,0.05,0.254
500,2,1,0.2,0.975,0.05,0.431
500,2,1,0.2,1,0.05,1
500,2,1,0.3,0.9,0.05,0.103
500,2,1,0.3,0.925,0.05,0.177
500,2,1,0.3,0.95,0.05,0.303
500,2,1,0.3,0.975,0.05,0.566
500,2,1,0.3,1,0.05,1
500,2,1,0.4,0.9,0.05,0.193
500,2,1,0.4,0.925,0.05,0.315
500,2,1,0.4,0.95,0.05,0.458
500,2,1,0.4,0.975,0.05,0.68
500,2,1,0.4,1,0.05,1
500,2,1,0.5,0.9,0.05,0.359
500,2,1,0.5,0.925,0.05,0.438
500,2,1,0.5,0.95,0.05,0.585
500,2,1,0.5,0.975,0.05,0.757
500,2,1,0.5,1,0.05,1
500,2,1,0.6,0.9,0.05,0.547
500,2,1,0.6,0.925,0.05,0.654
500,2,1,0.6,0.95,0.05,0.769
500,2,1,0.6,0.975,0.05,0.848
500,2,1,0.6,1,0.05,1
500,2,1,0.7,0.9,0.05,0.734
500,2,1,0.7,0.925,0.05,0.802
500,2,1,0.7,0.95,0.05,0.855
500,2,1,0.7,0.975,0.05,0.92
500,2,1,0.7,1,0.05,1
500,2,1,0.8,0.9,0.05,0.899
500,2,1,0.8,0.925,0.05,0.922
500,2,1,0.8,0.95,0.05,0.956
500,2,1,0.8,0.975,0.05,0.976
500,2,1,0.8,1,0.05,1
500,2,2,0.2,0.9,0.05,0
500,2,2,0.2,0.925,0.05,0
500,2,2,0.2,0.95,0.05,0
500,2,2,0.2,0.975,0.05,0.014
500,2,2,0.2,1,0.05,1
500,2,2,0.3,0.9,0.05,0
500,2,2,0.3,0.925,0.05,0
500,2,2,0.3,0.95,0.05,0.002
500,2,2,0.3,0.975,0.05,0.031
500,2,2,0.3,1,0.05,1
500,2,2,0.4,0.9,0.05,0
500,2,2,0.4,0.925,0.05,0
500,2,2,0.4,0.95,0.05,0.003
500,2,2,0.4,0.975,0.05,0.049
500,2,2,0.4,1,0.05,1
500,2,2,0.5,0.9,0.05,0
500,2,2,0.5,0.925,0.05,0
500,2,2,0.5,0.95,0.05,0.005
500,2,2,0.5,0.975,0.05,0.063
500,2,2,0.5,1,0.05,1
500,2,2,0.6,0.9,0.05,0
500,2,2,0.6,0.925,0.05,0.003
500,2,2,0.6,0.95,0.05,0.017
500,2,2,0.6,0.975,0.05,0.122
500,2,2,0.6,1,0.05,1
500,2,2,0.7,0.9,0.05,0.001
500,2,2,0.7,0.925,0.05,0.006
500,2,2,0.7,0.95,0.05,0.037
500,2,2,0.7,0.975,0.05,0.239
500,2,2,0.7,1,0.05,1
500,2,2,0.8,0.9,0.05,0.011
500,2,2,0.8,0.925,0.05,0.051
500,2,2,0.8,0.95,0.05,0.164
500,2,2,0.8,0.975,0.05,0.419
500,2,2,0.8,1,0.05,1
500,3,1,0.2,0.9,0.05,0.213
500,3,1,0.2,0.925,0.05,0.275
500,3,1,0.2,0.95,0.05,0.49
500,3,1,0.2,0.975,0.05,0.642
500,3,1,0.2,1,0.05,1
500,3,1,0.3,0.9,0.05,0.331
500,3,1,0.3,0.925,0.05,0.419
500,3,1,0.3,0.95,0.05,0.583
500,3,1,0.3,0.975,0.05,0.757
500,3,1,0.3,1,0.05,1
500,3,1,0.4,0.9,0.05,0.519
500,3,1,0.4,0.925,0.05,0.632
500,3,1,0.4,0.95,0.05,0.733
500,3,1,0.4,0.975,0.05,0.852
500,3,1,0.4,1,0.05,1
500,3,1,0.5,0.9,0.05,0.7
500,3,1,0.5,0.925,0.05,0.775
500,3,1,0.5,0.95,0.05,0.845
500,3,1,0.5,0.975,0.05,0.903
500,3,1,0.5,1,0.05,1
500,3,1,0.6,0.9,0.05,0.863
500,3,1,0.6,0.925,0.05,0.893
500,3,1,0.6,0.95,0.05,0.939
500,3,1,0.6,0.975,0.05,0.962
500,3,1,0.6,1,0.05,1
500,3,1,0.7,0.9,0.05,0.927
500,3,1,0.7,0.925,0.05,0.963
500,3,1,0.7,0.95,0.05,0.967
500,3,1,0.7,0.975,0.05,0.987
500,3,1,0.7,1,0.05,1
500,3,1,0.8,0.9,0.05,0.982
500,3,1,0.8,0.925,0.05,0.982
500,3,1,0.8,0.95,0.05,0.993
500,3,1,0.8,0.975,0.05,0.999
500,3,1,0.8,1,0.05,1
500,3,2,0.2,0.9,0.05,0
500,3,2,0.2,0.925,0.05,0.003
500,3,2,0.2,0.95,0.05,0.022
500,3,2,0.2,0.975,0.05,0.103
500,3,2,0.2,1,0.05,1
500,3,2,0.3,0.9,0.05,0.001
500,3,2,0.3,0.925,0.05,0.007
500,3,2,0.3,0.95,0.05,0.027
500,3,2,0.3,0.975,0.05,0.184
500,3,2,0.3,1,0.05,1
500,3,2,0.4,0.9,0.05,0.007
500,3,2,0.4,0.925,0.05,0.024
500,3,2,0.4,0.95,0.05,0.082
500,3,2,0.4,0.975,0.05,0.266
500,3,2,0.4,1,0.05,1
500,3,2,0.5,0.9,0.05,0.031
500,3,2,0.5,0.925,0.05,0.071
500,3,2,0.5,0.95,0.05,0.138
500,3,2,0.5,0.975,0.05,0.378
500,3,2,0.5,1,0.05,1
500,3,2,0.6,0.9,0.05,0.104
500,3,2,0.6,0.925,0.05,0.196
500,3,2,0.6,0.95,0.05,0.298
500,3,2,0.6,0.975,0.05,0.551
500,3,2,0.6,1,0.05,1
500,3,2,0.7,0.9,0.05,0.236
500,3,2,0.7,0.925,0.05,0.392
500,3,2,0.7,0.95,0.05,0.566
500,3,2,0.7,0.975,0.05,0.746
500,3,2,0.7,1,0.05,1
500,3,2,0.8,0.9,0.05,0.513
500,3,2,0.8,0.925,0.05,0.688
500,3,2,0.8,0.95,0.05,0.793
500,3,2,0.8,0.975,0.05,0.903
500,3,2,0.8,1,0.05,1
500,3,3,0.2,0.9,0.05,0
500,3,3,0.2,0.925,0.05,0
500,3,3,0.2,0.95,0.05,0
500,3,3,0.2,0.975,0.05,0.002
500,3,3,0.2,1,0.05,1
500,3,3,0.3,0.9,0.05,0
500,3,3,0.3,0.925,0.05,0
500,3,3,0.3,0.95,0.05,0
500,3,3,0.3,0.975,0.05,0.004
500,3,3,0.3,1,0.05,1
500,3,3,0.4,0.9,0.05,0
500,3,3,0.4,0.925,0.05,0
500,3,3,0.4,0.95,0.05,0
500,3,3,0.4,0.975,0.05,0.01
500,3,3,0.4,1,0.05,1
500,3,3,0.5,0.9,0.05,0
500,3,3,0.5,0.925,0.05,0
500,3,3,0.5,0.95,0.05,0
500,3,3,0.5,0.975,0.05,0.004
500,3,3,0.5,1,0.05,1
500,3,3,0.6,0.9,0.05,0
500,3,3,0.6,0.925,0.05,0
500,3,3,0.6,0.95,0.05,0
500,3,3,0.6,0.975,0.05,0.01
500,3,3,0.6,1,0.05,1
500,3,3,0.7,0.9,0.05,0
500,3,3,0.7,0.925,0.05,0
500,3,3,0.7,0.95,0.05,0.003
500,3,3,0.7,0.975,0.05,0.056
500,3,3,0.7,1,0.05,1
500,3,3,0.8,0.9,0.05,0.001
500,3,3,0.8,0.925,0.05,0.003
500,3,3,0.8,0.95,0.05,0.028
500,3,3,0.8,0.975,0.05,0.156
500,3,3,0.8,1,0.05,1
500,4,1,0.2,0.9,0.05,0.434
500,4,1,0.2,0.925,0.05,0.475
500,4,1,0.2,0.95,0.05,0.663
500,4,1,0.2,0.975,0.05,0.755
500,4,1,0.2,1,0.05,1
500,4,1,0.3,0.9,0.05,0.604
500,4,1,0.3,0.925,0.05,0.671
500,4,1,0.3,0.95,0.05,0.732
500,4,1,0.3,0.975,0.05,0.865
500,4,1,0.3,1,0.05,1
500,4,1,0.4,0.9,0.05,0.774
500,4,1,0.4,0.925,0.05,0.831
500,4,1,0.4,0.95,0.05,0.874
500,4,1,0.4,0.975,0.05,0.933
500,4,1,0.4,1,0.05,1
500,4,1,0.5,0.9,0.05,0.886
500,4,1,0.5,0.925,0.05,0.915
500,4,1,0.5,0.95,0.05,0.942
500,4,1,0.5,0.975,0.05,0.969
500,4,1,0.5,1,0.05,1
500,4,1,0.6,0.9,0.05,0.964
500,4,1,0.6,0.925,0.05,0.967
500,4,1,0.6,0.95,0.05,0.976
500,4,1,0.6,0.975,0.05,0.991
500,4,1,0.6,1,0.05,1
500,4,1,0.7,0.9,0.05,0.992
500,4,1,0.7,0.925,0.05,0.994
500,4,1,0.7,0.95,0.05,0.991
500,4,1,0.7,0.975,0.05,0.999
500,4,1,0.7,1,0.05,1
500,4,1,0.8,0.9,0.05,0.995
500,4,1,0.8,0.925,0.05,1
500,4,1,0.8,0.95,0.05,0.999
500,4,1,0.8,0.975,0.05,1
500,4,1,0.8,1,0.05,1
500,4,2,0.2,0.9,0.05,0.013
500,4,2,0.2,0.925,0.05,0.023
500,4,2,0.2,0.95,0.05,0.089
500,4,2,0.2,0.975,0.05,0.25
500,4,2,0.2,1,0.05,1
500,4,2,0.3,0.9,0.05,0.039
500,4,2,0.3,0.925,0.05,0.056
500,4,2,0.3,0.95,0.05,0.15
500,4,2,0.3,0.975,0.05,0.401
500,4,2,0.3,1,0.05,1
500,4,2,0.4,0.9,0.05,0.096
500,4,2,0.4,0.925,0.05,0.184
500,4,2,0.4,0.95,0.05,0.337
500,4,2,0.4,0.975,0.05,0.549
500,4,2,0.4,1,0.05,1
500,4,2,0.5,0.9,0.05,0.249
500,4,2,0.5,0.925,0.05,0.336
500,4,2,0.5,0.95,0.05,0.489
500,4,2,0.5,0.975,0.05,0.669
500,4,2,0.5,1,0.05,1
500,4,2,0.6,0.9,0.05,0.477
500,4,2,0.6,0.925,0.05,0.604
500,4,2,0.6,0.95,0.05,0.735
500,4,2,0.6,0.975,0.05,0.849
500,4,2,0.6,1,0.05,1
500,4,2,0.7,0.9,0.05,0.715
500,4,2,0.7,0.925,0.05,0.804
500,4,2,0.7,0.95,0.05,0.877
500,4,2,0.7,0.975,0.05,0.944
500,4,2,0.7,1,0.05,1
500,4,2,0.8,0.9,0.05,0.899
500,4,2,0.8,0.925,0.05,0.942
500,4,2,0.8,0.95,0.05,0.974
500,4,2,0.8,0.975,0.05,0.981
500,4,2,0.8,1,0.05,1
500,4,3,0.2,0.9,0.05,0
500,4,3,0.2,0.925,0.05,0
500,4,3,0.2,0.95,0.05,0.002
500,4,3,0.2,0.975,0.05,0.024
500,4,3,0.2,1,0.05,1
500,4,3,0.3,0.9,0.05,0
500,4,3,0.3,0.925,0.05,0
500,4,3,0.3,0.95,0.05,0.001
500,4,3,0.3,0.975,0.05,0.033
500,4,3,0.3,1,0.05,1
500,4,3,0.4,0.9,0.05,0
500,4,3,0.4,0.925,0.05,0
500,4,3,0.4,0.95,0.05,0.006
500,4,3,0.4,0.975,0.05,0.089
500,4,3,0.4,1,0.05,1
500,4,3,0.5,0.9,0.05,0.002
500,4,3,0.5,0.925,0.05,0.004
500,4,3,0.5,0.95,0.05,0.01
500,4,3,0.5,0.975,0.05,0.141
500,4,3,0.5,1,0.05,1
500,4,3,0.6,0.9,0.05,0.005
500,4,3,0.6,0.925,0.05,0.028
500,4,3,0.6,0.95,0.05,0.094
500,4,3,0.6,0.975,0.05,0.288
500,4,3,0.6,1,0.05,1
500,4,3,0.7,0.9,0.05,0.038
500,4,3,0.7,0.925,0.05,0.11
500,4,3,0.7,0.95,0.05,0.252
500,4,3,0.7,0.975,0.05,0.501
500,4,3,0.7,1,0.05,1
500,4,3,0.8,0.9,0.05,0.214
500,4,3,0.8,0.925,0.05,0.359
500,4,3,0.8,0.95,0.05,0.532
500,4,3,0.8,0.975,0.05,0.787
500,4,3,0.8,1,0.05,1
500,4,4,0.2,0.9,0.05,0
500,4,4,0.2,0.925,0.05,0
500,4,4,0.2,0.95,0.05,0
500,4,4,0.2,0.975,0.05,0
500,4,4,0.2,1,0.05,1
500,4,4,0.3,0.9,0.05,0
500,4,4,0.3,0.925,0.05,0
500,4,4,0.3,0.95,0.05,0
500,4,4,0.3,0.975,0.05,0
500,4,4,0.3,1,0.05,1
500,4,4,0.4,0.9,0.05,0
500,4,4,0.4,0.925,0.05,0
500,4,4,0.4,0.95,0.05,0
500,4,4,0.4,0.975,0.05,0.001
500,4,4,0.4,1,0.05,1
500,4,4,0.5,0.9,0.05,0
500,4,4,0.5,0.925,0.05,0
500,4,4,0.5,0.95,0.05,0
500,4,4,0.5,0.975,0.05,0.001
500,4,4,0.5,1,0.05,1
500,4,4,0.6,0.9,0.05,0
500,4,4,0.6,0.925,0.05,0
500,4,4,0.6,0.95,0.05,0
500,4,4,0.6,0.975,0.05,0.003
500,4,4,0.6,1,0.05,1
500,4,4,0.7,0.9,0.05,0
500,4,4,0.7,0.925,0.05,0
500,4,4,0.7,0.95,0.05,0
500,4,4,0.7,0.975,0.05,0.016
500,4,4,0.7,1,0.05,1
500,4,4,0.8,0.9,0.05,0
500,4,4,0.8,0.925,0.05,0
500,4,4,0.8,0.95,0.05,0.006
500,4,4,0.8,0.975,0.05,0.076
500,4,4,0.8,1,0.05,1
500,5,1,0.2,0.9,0.05,0.596
500,5,1,0.2,0.925,0.05,0.662
500,5,1,0.2,0.95,0.05,0.758
500,5,1,0.2,0.975,0.05,0.852
500,5,1,0.2,1,0.05,1
500,5,1,0.3,0.9,0.05,0.757
500,5,1,0.3,0.925,0.05,0.822
500,5,1,0.3,0.95,0.05,0.873
500,5,1,0.3,0.975,0.05,0.924
500,5,1,0.3,1,0.05,1
500,5,1,0.4,0.9,0.05,0.892
500,5,1,0.4,0.925,0.05,0.923
500,5,1,0.4,0.95,0.05,0.948
500,5,1,0.4,0.975,0.05,0.971
500,5,1,0.4,1,0.05,1
500,5,1,0.5,0.9,0.05,0.948
500,5,1,0.5,0.925,0.05,0.968
500,5,1,0.5,0.95,0.05,0.981
500,5,1,0.5,0.975,0.05,0.995
500,5,1,0.5,1,0.05,1
500,5,1,0.6,0.9,0.05,0.987
500,5,1,0.6,0.925,0.05,0.993
500,5,1,0.6,0.95,0.05,0.998
500,5,1,0.6,0.975,0.05,1
500,5,1,0.6,1,0.05,1
500,5,1,0.7,0.9,0.05,0.998
500,5,1,0.7,0.925,0.05,0.999
500,5,1,0.7,0.95,0.05,0.998
500,5,1,0.7,0.975,0.05,1
500,5,1,0.7,1,0.05,1
500,5,1,0.8,0.9,0.05,0.999
500,5,1,0.8,0.925,0.05,1
500,5,1,0.8,0.95,0.05,1
500,5,1,0.8,0.975,0.05,1
500,5,1,0.8,1,0.05,1
500,5,2,0.2,0.9,0.05,0.053
500,5,2,0.2,0.925,0.05,0.092
500,5,2,0.2,0.95,0.05,0.224
500,5,2,0.2,0.975,0.05,0.415
500,5,2,0.2,1,0.05,1
500,5,2,0.3,0.9,0.05,0.152
500,5,2,0.3,0.925,0.05,0.224
500,5,2,0.3,0.95,0.05,0.36
500,5,2,0.3,0.975,0.05,0.62
500,5,2,0.3,1,0.05,1
500,5,2,0.4,0.9,0.05,0.34
500,5,2,0.4,0.925,0.05,0.437
500,5,2,0.4,0.95,0.05,0.601
500,5,2,0.4,0.975,0.05,0.759
500,5,2,0.4,1,0.05,1
500,5,2,0.5,0.9,0.05,0.574
500,5,2,0.5,0.925,0.05,0.682
500,5,2,0.5,0.95,0.05,0.746
500,5,2,0.5,0.975,0.05,0.882
500,5,2,0.5,1,0.05,1
500,5,2,0.6,0.9,0.05,0.801
500,5,2,0.6,0.925,0.05,0.853
500,5,2,0.6,0.95,0.05,0.9
500,5,2,0.6,0.975,0.05,0.962
500,5,2,0.6,1,0.05,1
500,5,2,0.7,0.9,0.05,0.934
500,5,2,0.7,0.925,0.05,0.955
500,5,2,0.7,0.95,0.05,0.973
500,5,2,0.7,0.975,0.05,0.986
500,5,2,0.7,1,0.05,1
500,5,2,0.8,0.9,0.05,0.985
500,5,2,0.8,0.925,0.05,0.984
500,5,2,0.8,0.95,0.05,0.99
500,5,2,0.8,0.975,0.05,0.999
500,5,2,0.8,1,0.05,1
500,5,3,0.2,0.9,0.05,0
500,5,3,0.2,0.925,0.05,0.001
500,5,3,0.2,0.95,0.05,0.014
500,5,3,0.2,0.975,0.05,0.075
500,5,3,0.2,1,0.05,1
500,5,3,0.3,0.9,0.05,0.001
500,5,3,0.3,0.925,0.05,0.003
500,5,3,0.3,0.95,0.05,0.022
500,5,3,0.3,0.975,0.05,0.147
500,5,3,0.3,1,0.05,1
500,5,3,0.4,0.9,0.05,0.005
500,5,3,0.4,0.925,0.05,0.019
500,5,3,0.4,0.95,0.05,0.091
500,5,3,0.4,0.975,0.05,0.295
500,5,3,0.4,1,0.05,1
500,5,3,0.5,0.9,0.05,0.043
500,5,3,0.5,0.925,0.05,0.104
500,5,3,0.5,0.95,0.05,0.211
500,5,3,0.5,0.975,0.05,0.434
500,5,3,0.5,1,0.05,1
500,5,3,0.6,0.9,0.05,0.176
500,5,3,0.6,0.925,0.05,0.27
500,5,3,0.6,0.95,0.05,0.451
500,5,3,0.6,0.975,0.05,0.669
500,5,3,0.6,1,0.05,1
500,5,3,0.7,0.9,0.05,0.435
500,5,3,0.7,0.925,0.05,0.565
500,5,3,0.7,0.95,0.05,0.701
500,5,3,0.7,0.975,0.05,0.85
500,5,3,0.7,1,0.05,1
500,5,3,0.8,0.9,0.05,0.718
500,5,3,0.8,0.925,0.05,0.834
500,5,3,0.8,0.95,0.05,0.899
500,5,3,0.8,0.975,0.05,0.963
500,5,3,0.8,1,0.05,1
500,5,4,0.2,0.9,0.05,0
500,5,4,0.2,0.925,0.05,0
500,5,4,0.2,0.95,0.05,0
500,5,4,0.2,0.975,0.05,0.001
500,5,4,0.2,1,0.05,1
500,5,4,0.3,0.9,0.05,0
500,5,4,0.3,0.925,0.05,0
500,5,4,0.3,0.95,0.05,0
500,5,4,0.3,0.975,0.05,0.009
500,5,4,0.3,1,0.05,1
500,5,4,0.4,0.9,0.05,0
500,5,4,0.4,0.925,0.05,0
500,5,4,0.4,0.95,0.05,0
500,5,4,0.4,0.975,0.05,0.012
500,5,4,0.4,1,0.05,1
500,5,4,0.5,0.9,0.05,0
500,5,4,0.5,0.925,0.05,0
500,5,4,0.5,0.95,0.05,0.001
500,5,4,0.5,0.975,0.05,0.035
500,5,4,0.5,1,0.05,1
500,5,4,0.6,0.9,0.05,0
500,5,4,0.6,0.925,0.05,0.001
500,5,4,0.6,0.95,0.05,0.019
500,5,4,0.6,0.975,0.05,0.101
500,5,4,0.6,1,0.05,1
500,5,4,0.7,0.9,0.05,0.005
500,5,4,0.7,0.925,0.05,0.028
500,5,4,0.7,0.95,0.05,0.087
500,5,4,0.7,0.975,0.05,0.293
500,5,4,0.7,1,0.05,1
500,5,4,0.8,0.9,0.05,0.062
500,5,4,0.8,0.925,0.05,0.14
500,5,4,0.8,0.95,0.05,0.309
500,5,4,0.8,0.975,0.05,0.623
500,5,4,0.8,1,0.05,1
500,5,5,0.2,0.9,0.05,0
500,5,5,0.2,0.925,0.05,0
500,5,5,0.2,0.95,0.05,0
500,5,5,0.2,0.975,0.05,0
500,5,5,0.2,1,0.05,1
500,5,5,0.3,0.9,0.05,0
500,5,5,0.3,0.925,0.05,0
500,5,5,0.3,0.95,0.05,0
500,5,5,0.3,0.975,0.05,0
500,5,5,0.3,1,0.05,1
500,5,5,0.4,0.9,0.05,0
500,5,5,0.4,0.925,0.05,0
500,5,5,0.4,0.95,0.05,0
500,5,5,0.4,0.975,0.05,0
500,5,5,0.4,1,0.05,1
500,5,5,0.5,0.9,0.05,0
500,5,5,0.5,0.925,0.05,0
500,5,5,0.5,0.95,0.05,0
500,5,5,0.5,0.975,0.05,0
500,5,5,0.5,1,0.05,1
500,5,5,0.6,0.9,0.05,0
500,5,5,0.6,0.925,0.05,0
500,5,5,0.6,0.95,0.05,0
500,5,5,0.6,0.975,0.05,0.001
500,5,5,0.6,1,0.05,1
500,5,5,0.7,0.9,0.05,0
500,5,5,0.7,0.925,0.05,0
500,5,5,0.7,0.95,0.05,0
500,5,5,0.7,0.975,0.05,0.006
500,5,5,0.7,1,0.05,1
500,5,5,0.8,0.9,0.05,0
500,5,5,0.8,0.925,0.05,0
500,5,5,0.8,0.95,0.05,0
500,5,5,0.8,0.975,0.05,0.028
500,5,5,0.8,1,0.05,1
500,6,1,0.2,0.9,0.05,0.728
500,6,1,0.2,0.925,0.05,0.78
500,6,1,0.2,0.95,0.05,0.837
500,6,1,0.2,0.975,0.05,0.913
500,6,1,0.2,1,0.05,1
500,6,1,0.3,0.9,0.05,0.866
500,6,1,0.3,0.925,0.05,0.897
500,6,1,0.3,0.95,0.05,0.92
500,6,1,0.3,0.975,0.05,0.964
500,6,1,0.3,1,0.05,1
500,6,1,0.4,0.9,0.05,0.955
500,6,1,0.4,0.925,0.05,0.969
500,6,1,0.4,0.95,0.05,0.984
500,6,1,0.4,0.975,0.05,0.993
500,6,1,0.4,1,0.05,1
500,6,1,0.5,0.9,0.05,0.984
500,6,1,0.5,0.925,0.05,0.989
500,6,1,0.5,0.95,0.05,0.997
500,6,1,0.5,0.975,0.05,0.996
500,6,1,0.5,1,0.05,1
500,6,1,0.6,0.9,0.05,0.994
500,6,1,0.6,0.925,0.05,0.998
500,6,1,0.6,0.95,0.05,0.998
500,6,1,0.6,0.975,0.05,1
500,6,1,0.6,1,0.05,1
500,6,1,0.7,0.9,0.05,0.998
500,6,1,0.7,0.925,0.05,1
500,6,1,0.7,0.95,0.05,1
500,6,1,0.7,0.975,0.05,1
500,6,1,0.7,1,0.05,1
500,6,1,0.8,0.9,0.05,1
500,6,1,0.8,0.925,0.05,1
500,6,1,0.8,0.95,0.05,1
500,6,1,0.8,0.975,0.05,1
500,6,1,0.8,1,0.05,1
500,6,2,0.2,0.9,0.05,0.169
500,6,2,0.2,0.925,0.05,0.212
500,6,2,0.2,0.95,0.05,0.408
500,6,2,0.2,0.975,0.05,0.547
500,6,2,0.2,1,0.05,1
500,6,2,0.3,0.9,0.05,0.335
500,6,2,0.3,0.925,0.05,0.405
500,6,2,0.3,0.95,0.05,0.595
500,6,2,0.3,0.975,0.05,0.747
500,6,2,0.3,1,0.05,1
500,6,2,0.4,0.9,0.05,0.621
500,6,2,0.4,0.925,0.05,0.704
500,6,2,0.4,0.95,0.05,0.782
500,6,2,0.4,0.975,0.05,0.879
500,6,2,0.4,1,0.05,1
500,6,2,0.5,0.9,0.05,0.809
500,6,2,0.5,0.925,0.05,0.861
500,6,2,0.5,0.95,0.05,0.901
500,6,2,0.5,0.975,0.05,0.954
500,6,2,0.5,1,0.05,1
500,6,2,0.6,0.9,0.05,0.929
500,6,2,0.6,0.925,0.05,0.95
500,6,2,0.6,0.95,0.05,0.964
500,6,2,0.6,0.975,0.05,0.984
500,6,2,0.6,1,0.05,1
500,6,2,0.7,0.9,0.05,0.977
500,6,2,0.7,0.925,0.05,0.991
500,6,2,0.7,0.95,0.05,0.997
500,6,2,0.7,0.975,0.05,0.999
500,6,2,0.7,1,0.05,1
500,6,2,0.8,0.9,0.05,0.994
500,6,2,0.8,0.925,0.05,0.998
500,6,2,0.8,0.95,0.05,0.998
500,6,2,0.8,0.975,0.05,1
500,6,2,0.8,1,0.05,1
500,6,3,0.2,0.9,0.05,0.005
500,6,3,0.2,0.925,0.05,0.007
500,6,3,0.2,0.95,0.05,0.041
500,6,3,0.2,0.975,0.05,0.164
500,6,3,0.2,1,0.05,1
500,6,3,0.3,0.9,0.05,0.011
500,6,3,0.3,0.925,0.05,0.039
500,6,3,0.3,0.95,0.05,0.102
500,6,3,0.3,0.975,0.05,0.319
500,6,3,0.3,1,0.05,1
500,6,3,0.4,0.9,0.05,0.067
500,6,3,0.4,0.925,0.05,0.161
500,6,3,0.4,0.95,0.05,0.259
500,6,3,0.4,0.975,0.05,0.528
500,6,3,0.4,1,0.05,1
500,6,3,0.5,0.9,0.05,0.243
500,6,3,0.5,0.925,0.05,0.383
500,6,3,0.5,0.95,0.05,0.496
500,6,3,0.5,0.975,0.05,0.686
500,6,3,0.5,1,0.05,1
500,6,3,0.6,0.9,0.05,0.544
500,6,3,0.6,0.925,0.05,0.614
500,6,3,0.6,0.95,0.05,0.791
500,6,3,0.6,0.975,0.05,0.879
500,6,3,0.6,1,0.05,1
500,6,3,0.7,0.9,0.05,0.799
500,6,3,0.7,0.925,0.05,0.854
500,6,3,0.7,0.95,0.05,0.916
500,6,3,0.7,0.975,0.05,0.96
500,6,3,0.7,1,0.05,1
500,6,3,0.8,0.9,0.05,0.94
500,6,3,0.8,0.925,0.05,0.968
500,6,3,0.8,0.95,0.05,0.989
500,6,3,0.8,0.975,0.05,0.996
500,6,3,0.8,1,0.05,1
500,6,4,0.2,0.9,0.05,0
500,6,4,0.2,0.925,0.05,0
500,6,4,0.2,0.95,0.05,0.002
500,6,4,0.2,0.975,0.05,0.02
500,6,4,0.2,1,0.05,1
500,6,4,0.3,0.9,0.05,0
500,6,4,0.3,0.925,0.05,0
500,6,4,0.3,0.95,0.05,0.005
500,6,4,0.3,0.975,0.05,0.038
500,6,4,0.3,1,0.05,1
500,6,4,0.4,0.9,0.05,0
500,6,4,0.4,0.925,0.05,0.002
500,6,4,0.4,0.95,0.05,0.019
500,6,4,0.4,0.975,0.05,0.113
500,6,4,0.4,1,0.05,1
500,6,4,0.5,0.9,0.05,0.003
500,6,4,0.5,0.925,0.05,0.02
500,6,4,0.5,0.95,0.05,0.063
500,6,4,0.5,0.975,0.05,0.201
500,6,4,0.5,1,0.05,1
500,6,4,0.6,0.9,0.05,0.032
500,6,4,0.6,0.925,0.05,0.081
500,6,4,0.6,0.95,0.05,0.22
500,6,4,0.6,0.975,0.05,0.46
500,6,4,0.6,1,0.05,1
500,6,4,0.7,0.9,0.05,0.185
500,6,4,0.7,0.925,0.05,0.3
500,6,4,0.7,0.95,0.05,0.505
500,6,4,0.7,0.975,0.05,0.709
500,6,4,0.7,1,0.05,1
500,6,4,0.8,0.9,0.05,0.529
500,6,4,0.8,0.925,0.05,0.697
500,6,4,0.8,0.95,0.05,0.798
500,6,4,0.8,0.975,0.05,0.925
500,6,4,0.8,1,0.05,1
500,6,5,0.2,0.9,0.05,0
500,6,5,0.2,0.925,0.05,0
500,6,5,0.2,0.95,0.05,0
500,6,5,0.2,0.975,0.05,0
500,6,5,0.2,1,0.05,1
500,6,5,0.3,0.9,0.05,0
500,6,5,0.3,0.925,0.05,0
500,6,5,0.3,0.95,0.05,0
500,6,5,0.3,0.975,0.05,0.003
500,6,5,0.3,1,0.05,1
500,6,5,0.4,0.9,0.05,0
500,6,5,0.4,0.925,0.05,0
500,6,5,0.4,0.95,0.05,0
500,6,5,0.4,0.975,0.05,0.008
500,6,5,0.4,1,0.05,1
500,6,5,0.5,0.9,0.05,0
500,6,5,0.5,0.925,0.05,0
500,6,5,0.5,0.95,0.05,0
500,6,5,0.5,0.975,0.05,0.008
500,6,5,0.5,1,0.05,1
500,6,5,0.6,0.9,0.05,0
500,6,5,0.6,0.925,0.05,0
500,6,5,0.6,0.95,0.05,0.003
500,6,5,0.6,0.975,0.05,0.036
500,6,5,0.6,1,0.05,1
500,6,5,0.7,0.9,0.05,0
500,6,5,0.7,0.925,0.05,0.001
500,6,5,0.7,0.95,0.05,0.02
500,6,5,0.7,0.975,0.05,0.164
500,6,5,0.7,1,0.05,1
500,6,5,0.8,0.9,0.05,0.01
500,6,5,0.8,0.925,0.05,0.059
500,6,5,0.8,0.95,0.05,0.164
500,6,5,0.8,0.975,0.05,0.455
500,6,5,0.8,1,0.05,1
500,6,6,0.2,0.9,0.05,0
500,6,6,0.2,0.925,0.05,0
500,6,6,0.2,0.95,0.05,0
500,6,6,0.2,0.975,0.05,0
500,6,6,0.2,1,0.05,1
500,6,6,0.3,0.9,0.05,0
500,6,6,0.3,0.925,0.05,0
500,6,6,0.3,0.95,0.05,0
500,6,6,0.3,0.975,0.05,0
500,6,6,0.3,1,0.05,1
500,6,6,0.4,0.9,0.05,0
500,6,6,0.4,0.925,0.05,0
500,6,6,0.4,0.95,0.05,0
500,6,6,0.4,0.975,0.05,0
500,6,6,0.4,1,0.05,1
500,6,6,0.5,0.9,0.05,0
500,6,6,0.5,0.925,0.05,0
500,6,6,0.5,0.95,0.05,0
500,6,6,0.5,0.975,0.05,0
500,6,6,0.5,1,0.05,1
500,6,6,0.6,0.9,0.05,0
500,6,6,0.6,0.925,0.05,0
500,6,6,0.6,0.95,0.05,0
500,6,6,0.6,0.975,0.05,0
500,6,6,0.6,1,0.05,1
500,6,6,0.7,0.9,0.05,0
500,6,6,0.7,0.925,0.05,0
500,6,6,0.7,0.95,0.05,0
500,6,6,0.7,0.975,0.05,0.001
500,6,6,0.7,1,0.05,1
500,6,6,0.8,0.9,0.05,0
500,6,6,0.8,0.925,0.05,0
500,6,6,0.8,0.95,0.05,0
500,6,6,0.8,0.975,0.05,0.009
500,6,6,0.8,1,0.05,1
500,7,1,0.2,0.9,0.05,0.831
500,7,1,0.2,0.925,0.05,0.867
500,7,1,0.2,0.95,0.05,0.918
500,7,1,0.2,0.975,0.05,0.943
500,7,1,0.2,1,0.05,1
500,7,1,0.3,0.9,0.05,0.922
500,7,1,0.3,0.925,0.05,0.947
500,7,1,0.3,0.95,0.05,0.963
500,7,1,0.3,0.975,0.05,0.978
500,7,1,0.3,1,0.05,1
500,7,1,0.4,0.9,0.05,0.975
500,7,1,0.4,0.925,0.05,0.983
500,7,1,0.4,0.95,0.05,0.992
500,7,1,0.4,0.975,0.05,0.994
500,7,1,0.4,1,0.05,1
500,7,1,0.5,0.9,0.05,0.996
500,7,1,0.5,0.925,0.05,0.996
500,7,1,0.5,0.95,0.05,0.998
500,7,1,0.5,0.975,0.05,0.999
500,7,1,0.5,1,0.05,1
500,7,1,0.6,0.9,0.05,1
500,7,1,0.6,0.925,0.05,1
500,7,1,0.6,0.95,0.05,0.999
500,7,1,0.6,0.975,0.05,1
500,7,1,0.6,1,0.05,1
500,7,1,0.7,0.9,0.05,1
500,7,1,0.7,0.925,0.05,1
500,7,1,0.7,0.95,0.05,1
500,7,1,0.7,0.975,0.05,1
500,7,1,0.7,1,0.05,1
500,7,1,0.8,0.9,0.05,1
500,7,1,0.8,0.925,0.05,1
500,7,1,0.8,0.95,0.05,1
500,7,1,0.8,0.975,0.05,1
500,7,1,0.8,1,0.05,1
500,7,2,0.2,0.9,0.05,0.287
500,7,2,0.2,0.925,0.05,0.365
500,7,2,0.2,0.95,0.05,0.518
500,7,2,0.2,0.975,0.05,0.664
500,7,2,0.2,1,0.05,1
500,7,2,0.3,0.9,0.05,0.54
500,7,2,0.3,0.925,0.05,0.608
500,7,2,0.3,0.95,0.05,0.722
500,7,2,0.3,0.975,0.05,0.849
500,7,2,0.3,1,0.05,1
500,7,2,0.4,0.9,0.05,0.785
500,7,2,0.4,0.925,0.05,0.83
500,7,2,0.4,0.95,0.05,0.878
500,7,2,0.4,0.975,0.05,0.939
500,7,2,0.4,1,0.05,1
500,7,2,0.5,0.9,0.05,0.912
500,7,2,0.5,0.925,0.05,0.944
500,7,2,0.5,0.95,0.05,0.96
500,7,2,0.5,0.975,0.05,0.984
500,7,2,0.5,1,0.05,1
500,7,2,0.6,0.9,0.05,0.971
500,7,2,0.6,0.925,0.05,0.991
500,7,2,0.6,0.95,0.05,0.992
500,7,2,0.6,0.975,0.05,0.998
500,7,2,0.6,1,0.05,1
500,7,2,0.7,0.9,0.05,0.997
500,7,2,0.7,0.925,0.05,0.999
500,7,2,0.7,0.95,0.05,0.998
500,7,2,0.7,0.975,0.05,1
500,7,2,0.7,1,0.05,1
500,7,2,0.8,0.9,0.05,0.999
500,7,2,0.8,0.925,0.05,0.999
500,7,2,0.8,0.95,0.05,1
500,7,2,0.8,0.975,0.05,1
500,7,2,0.8,1,0.05,1
500,7,3,0.2,0.9,0.05,0.021
500,7,3,0.2,0.925,0.05,0.034
500,7,3,0.2,0.95,0.05,0.12
500,7,3,0.2,0.975,0.05,0.291
500,7,3,0.2,1,0.05,1
500,7,3,0.3,0.9,0.05,0.103
500,7,3,0.3,0.925,0.05,0.141
500,7,3,0.3,0.95,0.05,0.255
500,7,3,0.3,0.975,0.05,0.47
500,7,3,0.3,1,0.05,1
500,7,3,0.4,0.9,0.05,0.238
500,7,3,0.4,0.925,0.05,0.367
500,7,3,0.4,0.95,0.05,0.527
500,7,3,0.4,0.975,0.05,0.714
500,7,3,0.4,1,0.05,1
500,7,3,0.5,0.9,0.05,0.539
500,7,3,0.5,0.925,0.05,0.663
500,7,3,0.5,0.95,0.05,0.749
500,7,3,0.5,0.975,0.05,0.85
500,7,3,0.5,1,0.05,1
500,7,3,0.6,0.9,0.05,0.798
500,7,3,0.6,0.925,0.05,0.847
500,7,3,0.6,0.95,0.05,0.914
500,7,3,0.6,0.975,0.05,0.962
500,7,3,0.6,1,0.05,1
500,7,3,0.7,0.9,0.05,0.935
500,7,3,0.7,0.925,0.05,0.963
500,7,3,0.7,0.95,0.05,0.981
500,7,3,0.7,0.975,0.05,0.995
500,7,3,0.7,1,0.05,1
500,7,3,0.8,0.9,0.05,0.988
500,7,3,0.8,0.925,0.05,0.996
500,7,3,0.8,0.95,0.05,0.997
500,7,3,0.8,0.975,0.05,1
500,7,3,0.8,1,0.05,1
500,7,4,0.2,0.9,0.05,0
500,7,4,0.2,0.925,0.05,0.001
500,7,4,0.2,0.95,0.05,0.008
500,7,4,0.2,0.975,0.05,0.046
500,7,4,0.2,1,0.05,1
500,7,4,0.3,0.9,0.05,0
500,7,4,0.3,0.925,0.05,0.003
500,7,4,0.3,0.95,0.05,0.017
500,7,4,0.3,0.975,0.05,0.121
500,7,4,0.3,1,0.05,1
500,7,4,0.4,0.9,0.05,0.011
500,7,4,0.4,0.925,0.05,0.024
500,7,4,0.4,0.95,0.05,0.092
500,7,4,0.4,0.975,0.05,0.316
500,7,4,0.4,1,0.05,1
500,7,4,0.5,0.9,0.05,0.067
500,7,4,0.5,0.925,0.05,0.134
500,7,4,0.5,0.95,0.05,0.257
500,7,4,0.5,0.975,0.05,0.479
500,7,4,0.5,1,0.05,1
500,7,4,0.6,0.9,0.05,0.266
500,7,4,0.6,0.925,0.05,0.404
500,7,4,0.6,0.95,0.05,0.543
500,7,4,0.6,0.975,0.05,0.736
500,7,4,0.6,1,0.05,1
500,7,4,0.7,0.9,0.05,0.594
500,7,4,0.7,0.925,0.05,0.73
500,7,4,0.7,0.95,0.05,0.812
500,7,4,0.7,0.975,0.05,0.926
500,7,4,0.7,1,0.05,1
500,7,4,0.8,0.9,0.05,0.854
500,7,4,0.8,0.925,0.05,0.92
500,7,4,0.8,0.95,0.05,0.96
500,7,4,0.8,0.975,0.05,0.985
500,7,4,0.8,1,0.05,1
500,7,5,0.2,0.9,0.05,0
500,7,5,0.2,0.925,0.05,0
500,7,5,0.2,0.95,0.05,0
500,7,5,0.2,0.975,0.05,0.005
500,7,5,0.2,1,0.05,1
500,7,5,0.3,0.9,0.05,0
500,7,5,0.3,0.925,0.05,0
500,7,5,0.3,0.95,0.05,0
500,7,5,0.3,0.975,0.05,0.008
500,7,5,0.3,1,0.05,1
500,7,5,0.4,0.9,0.05,0
500,7,5,0.4,0.925,0.05,0
500,7,5,0.4,0.95,0.05,0
500,7,5,0.4,0.975,0.05,0.035
500,7,5,0.4,1,0.05,1
500,7,5,0.5,0.9,0.05,0
500,7,5,0.5,0.925,0.05,0.001
500,7,5,0.5,0.95,0.05,0.011
500,7,5,0.5,0.975,0.05,0.08
500,7,5,0.5,1,0.05,1
500,7,5,0.6,0.9,0.05,0.001
500,7,5,0.6,0.925,0.05,0.023
500,7,5,0.6,0.95,0.05,0.072
500,7,5,0.6,0.975,0.05,0.283
500,7,5,0.6,1,0.05,1
500,7,5,0.7,0.9,0.05,0.056
500,7,5,0.7,0.925,0.05,0.133
500,7,5,0.7,0.95,0.05,0.3
500,7,5,0.7,0.975,0.05,0.552
500,7,5,0.7,1,0.05,1
500,7,5,0.8,0.9,0.05,0.302
500,7,5,0.8,0.925,0.05,0.471
500,7,5,0.8,0.95,0.05,0.661
500,7,5,0.8,0.975,0.05,0.834
500,7,5,0.8,1,0.05,1
500,7,6,0.2,0.9,0.05,0
500,7,6,0.2,0.925,0.05,0
500,7,6,0.2,0.95,0.05,0
500,7,6,0.2,0.975,0.05,0
500,7,6,0.2,1,0.05,1
500,7,6,0.3,0.9,0.05,0
500,7,6,0.3,0.925,0.05,0
500,7,6,0.3,0.95,0.05,0
500,7,6,0.3,0.975,0.05,0
500,7,6,0.3,1,0.05,1
500,7,6,0.4,0.9,0.05,0
500,7,6,0.4,0.925,0.05,0
500,7,6,0.4,0.95,0.05,0
500,7,6,0.4,0.975,0.05,0.001
500,7,6,0.4,1,0.05,1
500,7,6,0.5,0.9,0.05,0
500,7,6,0.5,0.925,0.05,0
500,7,6,0.5,0.95,0.05,0
500,7,6,0.5,0.975,0.05,0.004
500,7,6,0.5,1,0.05,1
500,7,6,0.6,0.9,0.05,0
500,7,6,0.6,0.925,0.05,0
500,7,6,0.6,0.95,0.05,0.002
500,7,6,0.6,0.975,0.05,0.019
500,7,6,0.6,1,0.05,1
500,7,6,0.7,0.9,0.05,0
500,7,6,0.7,0.925,0.05,0
500,7,6,0.7,0.95,0.05,0.011
500,7,6,0.7,0.975,0.05,0.085
500,7,6,0.7,1,0.05,1
500,7,6,0.8,0.9,0.05,0.004
500,7,6,0.8,0.925,0.05,0.016
500,7,6,0.8,0.95,0.05,0.098
500,7,6,0.8,0.975,0.05,0.296
500,7,6,0.8,1,0.05,1
500,7,7,0.2,0.9,0.05,0
500,7,7,0.2,0.925,0.05,0
500,7,7,0.2,0.95,0.05,0
500,7,7,0.2,0.975,0.05,0
500,7,7,0.2,1,0.05,1
500,7,7,0.3,0.9,0.05,0
500,7,7,0.3,0.925,0.05,0
500,7,7,0.3,0.95,0.05,0
500,7,7,0.3,0.975,0.05,0
500,7,7,0.3,1,0.05,1
500,7,7,0.4,0.9,0.05,0
500,7,7,0.4,0.925,0.05,0
500,7,7,0.4,0.95,0.05,0
500,7,7,0.4,0.975,0.05,0
500,7,7,0.4,1,0.05,1
500,7,7,0.5,0.9,0.05,0
500,7,7,0.5,0.925,0.05,0
500,7,7,0.5,0.95,0.05,0
500,7,7,0.5,0.975,0.05,0
500,7,7,0.5,1,0.05,1
500,7,7,0.6,0.9,0.05,0
500,7,7,0.6,0.925,0.05,0
500,7,7,0.6,0.95,0.05,0
500,7,7,0.6,0.975,0.05,0
500,7,7,0.6,1,0.05,1
500,7,7,0.7,0.9,0.05,0
500,7,7,0.7,0.925,0.05,0
500,7,7,0.7,0.95,0.05,0
500,7,7,0.7,0.975,0.05,0
500,7,7,0.7,1,0.05,1
500,7,7,0.8,0.9,0.05,0
500,7,7,0.8,0.925,0.05,0
500,7,7,0.8,0.95,0.05,0
500,7,7,0.8,0.975,0.05,0.002
500,7,7,0.8,1,0.05,1
1000,2,1,0.2,0.9,0.05,0.008
1000,2,1,0.2,0.925,0.05,0.027
1000,2,1,0.2,0.95,0.05,0.078
1000,2,1,0.2,0.975,0.05,0.275
1000,2,1,0.2,1,0.05,1
1000,2,1,0.3,0.9,0.05,0.015
1000,2,1,0.3,0.925,0.05,0.043
1000,2,1,0.3,0.95,0.05,0.12
1000,2,1,0.3,0.975,0.05,0.295
1000,2,1,0.3,1,0.05,1
1000,2,1,0.4,0.9,0.05,0.042
1000,2,1,0.4,0.925,0.05,0.089
1000,2,1,0.4,0.95,0.05,0.186
1000,2,1,0.4,0.975,0.05,0.476
1000,2,1,0.4,1,0.05,1
1000,2,1,0.5,0.9,0.05,0.119
1000,2,1,0.5,0.925,0.05,0.19
1000,2,1,0.5,0.95,0.05,0.359
1000,2,1,0.5,0.975,0.05,0.6
1000,2,1,0.5,1,0.05,1
1000,2,1,0.6,0.9,0.05,0.286
1000,2,1,0.6,0.925,0.05,0.407
1000,2,1,0.6,0.95,0.05,0.545
1000,2,1,0.6,0.975,0.05,0.753
1000,2,1,0.6,1,0.05,1
1000,2,1,0.7,0.9,0.05,0.543
1000,2,1,0.7,0.925,0.05,0.624
1000,2,1,0.7,0.95,0.05,0.762
1000,2,1,0.7,0.975,0.05,0.88
1000,2,1,0.7,1,0.05,1
1000,2,1,0.8,0.9,0.05,0.78
1000,2,1,0.8,0.925,0.05,0.846
1000,2,1,0.8,0.95,0.05,0.921
1000,2,1,0.8,0.975,0.05,0.961
1000,2,1,0.8,1,0.05,1
1000,2,2,0.2,0.9,0.05,0
1000,2,2,0.2,0.925,0.05,0
1000,2,2,0.2,0.95,0.05,0
1000,2,2,0.2,0.975,0.05,0.004
1000,2,2,0.2,1,0.05,1
1000,2,2,0.3,0.9,0.05,0
1000,2,2,0.3,0.925,0.05,0
1000,2,2,0.3,0.95,0.05,0
1000,2,2,0.3,0.975,0.05,0.002
1000,2,2,0.3,1,0.05,1
1000,2,2,0.4,0.9,0.05,0
1000,2,2,0.4,0.925,0.05,0
1000,2,2,0.4,0.95,0.05,0
1000,2,2,0.4,0.975,0.05,0.001
1000,2,2,0.4,1,0.05,1
1000,2,2,0.5,0.9,0.05,0
1000,2,2,0.5,0.925,0.05,0
1000,2,2,0.5,0.95,0.05,0
1000,2,2,0.5,0.975,0.05,0.001
1000,2,2,0.5,1,0.05,1
1000,2,2,0.6,0.9,0.05,0
1000,2,2,0.6,0.925,0.05,0
1000,2,2,0.6,0.95,0.05,0
1000,2,2,0.6,0.975,0.05,0.019
1000,2,2,0.6,1,0.05,1
1000,2,2,0.7,0.9,0.05,0
1000,2,2,0.7,0.925,0.05,0
1000,2,2,0.7,0.95,0.05,0.003
1000,2,2,0.7,0.975,0.05,0.056
1000,2,2,0.7,1,0.05,1
1000,2,2,0.8,0.9,0.05,0
1000,2,2,0.8,0.925,0.05,0.002
1000,2,2,0.8,0.95,0.05,0.024
1000,2,2,0.8,0.975,0.05,0.16
1000,2,2,0.8,1,0.05,1
1000,3,1,0.2,0.9,0.05,0.049
1000,3,1,0.2,0.925,0.05,0.114
1000,3,1,0.2,0.95,0.05,0.245
1000,3,1,0.2,0.975,0.05,0.462
1000,3,1,0.2,1,0.05,1
1000,3,1,0.3,0.9,0.05,0.126
1000,3,1,0.3,0.925,0.05,0.212
1000,3,1,0.3,0.95,0.05,0.351
1000,3,1,0.3,0.975,0.05,0.605
1000,3,1,0.3,1,0.05,1
1000,3,1,0.4,0.9,0.05,0.275
1000,3,1,0.4,0.925,0.05,0.38
1000,3,1,0.4,0.95,0.05,0.559
1000,3,1,0.4,0.975,0.05,0.731
1000,3,1,0.4,1,0.05,1
1000,3,1,0.5,0.9,0.05,0.485
1000,3,1,0.5,0.925,0.05,0.578
1000,3,1,0.5,0.95,0.05,0.745
1000,3,1,0.5,0.975,0.05,0.842
1000,3,1,0.5,1,0.05,1
1000,3,1,0.6,0.9,0.05,0.703
1000,3,1,0.6,0.925,0.05,0.79
1000,3,1,0.6,0.95,0.05,0.86
1000,3,1,0.6,0.975,0.05,0.939
1000,3,1,0.6,1,0.05,1
1000,3,1,0.7,0.9,0.05,0.881
1000,3,1,0.7,0.925,0.05,0.923
1000,3,1,0.7,0.95,0.05,0.947
1000,3,1,0.7,0.975,0.05,0.978
1000,3,1,0.7,1,0.05,1
1000,3,1,0.8,0.9,0.05,0.96
1000,3,1,0.8,0.925,0.05,0.978
1000,3,1,0.8,0.95,0.05,0.986
1000,3,1,0.8,0.975,0.05,0.993
1000,3,1,0.8,1,0.05,1
1000,3,2,0.2,0.9,0.05,0
1000,3,2,0.2,0.925,0.05,0
1000,3,2,0.2,0.95,0.05,0
1000,3,2,0.2,0.975,0.05,0.029
1000,3,2,0.2,1,0.05,1
1000,3,2,0.3,0.9,0.05,0
1000,3,2,0.3,0.925,0.05,0
1000,3,2,0.3,0.95,0.05,0.003
1000,3,2,0.3,0.975,0.05,0.037
1000,3,2,0.3,1,0.05,1
1000,3,2,0.4,0.9,0.05,0
1000,3,2,0.4,0.925,0.05,0
1000,3,2,0.4,0.95,0.05,0.005
1000,3,2,0.4,0.975,0.05,0.094
1000,3,2,0.4,1,0.05,1
1000,3,2,0.5,0.9,0.05,0
1000,3,2,0.5,0.925,0.05,0.002
1000,3,2,0.5,0.95,0.05,0.033
1000,3,2,0.5,0.975,0.05,0.168
1000,3,2,0.5,1,0.05,1
1000,3,2,0.6,0.9,0.05,0.009
1000,3,2,0.6,0.925,0.05,0.036
1000,3,2,0.6,0.95,0.05,0.115
1000,3,2,0.6,0.975,0.05,0.367
1000,3,2,0.6,1,0.05,1
1000,3,2,0.7,0.9,0.05,0.063
1000,3,2,0.7,0.925,0.05,0.156
1000,3,2,0.7,0.95,0.05,0.294
1000,3,2,0.7,0.975,0.05,0.568
1000,3,2,0.7,1,0.05,1
1000,3,2,0.8,0.9,0.05,0.299
1000,3,2,0.8,0.925,0.05,0.468
1000,3,2,0.8,0.95,0.05,0.618
1000,3,2,0.8,0.975,0.05,0.799
1000,3,2,0.8,1,0.05,1
1000,3,3,0.2,0.9,0.05,0
1000,3,3,0.2,0.925,0.05,0
1000,3,3,0.2,0.95,0.05,0
1000,3,3,0.2,0.975,0.05,0
1000,3,3,0.2,1,0.05,1
1000,3,3,0.3,0.9,0.05,0
1000,3,3,0.3,0.925,0.05,0
1000,3,3,0.3,0.95,0.05,0
1000,3,3,0.3,0.975,0.05,0
1000,3,3,0.3,1,0.05,1
1000,3,3,0.4,0.9,0.05,0
1000,3,3,0.4,0.925,0.05,0
1000,3,3,0.4,0.95,0.05,0
1000,3,3,0.4,0.975,0.05,0
1000,3,3,0.4,1,0.05,1
1000,3,3,0.5,0.9,0.05,0
1000,3,3,0.5,0.925,0.05,0
1000,3,3,0.5,0.95,0.05,0
1000,3,3,0.5,0.975,0.05,0
1000,3,3,0.5,1,0.05,1
1000,3,3,0.6,0.9,0.05,0
1000,3,3,0.6,0.925,0.05,0
1000,3,3,0.6,0.95,0.05,0
1000,3,3,0.6,0.975,0.05,0.002
1000,3,3,0.6,1,0.05,1
1000,3,3,0.7,0.9,0.05,0
1000,3,3,0.7,0.925,0.05,0
1000,3,3,0.7,0.95,0.05,0
1000,3,3,0.7,0.975,0.05,0.001
1000,3,3,0.7,1,0.05,1
1000,3,3,0.8,0.9,0.05,0
1000,3,3,0.8,0.925,0.05,0
1000,3,3,0.8,0.95,0.05,0
1000,3,3,0.8,0.975,0.05,0.022
1000,3,3,0.8,1,0.05,1
1000,4,1,0.2,0.9,0.05,0.183
1000,4,1,0.2,0.925,0.05,0.276
1000,4,1,0.2,0.95,0.05,0.417
1000,4,1,0.2,0.975,0.05,0.638
1000,4,1,0.2,1,0.05,1
1000,4,1,0.3,0.9,0.05,0.374
1000,4,1,0.3,0.925,0.05,0.501
1000,4,1,0.3,0.95,0.05,0.588
1000,4,1,0.3,0.975,0.05,0.769
1000,4,1,0.3,1,0.05,1
1000,4,1,0.4,0.9,0.05,0.578
1000,4,1,0.4,0.925,0.05,0.701
1000,4,1,0.4,0.95,0.05,0.77
1000,4,1,0.4,0.975,0.05,0.892
1000,4,1,0.4,1,0.05,1
1000,4,1,0.5,0.9,0.05,0.796
1000,4,1,0.5,0.925,0.05,0.853
1000,4,1,0.5,0.95,0.05,0.897
1000,4,1,0.5,0.975,0.05,0.945
1000,4,1,0.5,1,0.05,1
1000,4,1,0.6,0.9,0.05,0.92
1000,4,1,0.6,0.925,0.05,0.936
1000,4,1,0.6,0.95,0.05,0.961
1000,4,1,0.6,0.975,0.05,0.98
1000,4,1,0.6,1,0.05,1
1000,4,1,0.7,0.9,0.05,0.977
1000,4,1,0.7,0.925,0.05,0.988
1000,4,1,0.7,0.95,0.05,0.991
1000,4,1,0.7,0.975,0.05,0.999
1000,4,1,0.7,1,0.05,1
1000,4,1,0.8,0.9,0.05,0.993
1000,4,1,0.8,0.925,0.05,0.997
1000,4,1,0.8,0.95,0.05,0.997
1000,4,1,0.8,0.975,0.05,1
1000,4,1,0.8,1,0.05,1
1000,4,2,0.2,0.9,0.05,0
1000,4,2,0.2,0.925,0.05,0.001
1000,4,2,0.2,0.95,0.05,0.011
1000,4,2,0.2,0.975,0.05,0.104
1000,4,2,0.2,1,0.05,1
1000,4,2,0.3,0.9,0.05,0.001
1000,4,2,0.3,0.925,0.05,0.006
1000,4,2,0.3,0.95,0.05,0.034
1000,4,2,0.3,0.975,0.05,0.163
1000,4,2,0.3,1,0.05,1
1000,4,2,0.4,0.9,0.05,0.006
1000,4,2,0.4,0.925,0.05,0.028
1000,4,2,0.4,0.95,0.05,0.101
1000,4,2,0.4,0.975,0.05,0.329
1000,4,2,0.4,1,0.05,1
1000,4,2,0.5,0.9,0.05,0.076
1000,4,2,0.5,0.925,0.05,0.147
1000,4,2,0.5,0.95,0.05,0.261
1000,4,2,0.5,0.975,0.05,0.506
1000,4,2,0.5,1,0.05,1
1000,4,2,0.6,0.9,0.05,0.206
1000,4,2,0.6,0.925,0.05,0.386
1000,4,2,0.6,0.95,0.05,0.537
1000,4,2,0.6,0.975,0.05,0.721
1000,4,2,0.6,1,0.05,1
1000,4,2,0.7,0.9,0.05,0.546
1000,4,2,0.7,0.925,0.05,0.668
1000,4,2,0.7,0.95,0.05,0.773
1000,4,2,0.7,0.975,0.05,0.9
1000,4,2,0.7,1,0.05,1
1000,4,2,0.8,0.9,0.05,0.835
1000,4,2,0.8,0.925,0.05,0.893
1000,4,2,0.8,0.95,0.05,0.947
1000,4,2,0.8,0.975,0.05,0.97
1000,4,2,0.8,1,0.05,1
1000,4,3,0.2,0.9,0.05,0
1000,4,3,0.2,0.925,0.05,0
1000,4,3,0.2,0.95,0.05,0
1000,4,3,0.2,0.975,0.05,0.001
1000,4,3,0.2,1,0.05,1
1000,4,3,0.3,0.9,0.05,0
1000,4,3,0.3,0.925,0.05,0
1000,4,3,0.3,0.95,0.05,0
1000,4,3,0.3,0.975,0.05,0.003
1000,4,3,0.3,1,0.05,1
1000,4,3,0.4,0.9,0.05,0
1000,4,3,0.4,0.925,0.05,0
1000,4,3,0.4,0.95,0.05,0.001
1000,4,3,0.4,0.975,0.05,0.004
1000,4,3,0.4,1,0.05,1
1000,4,3,0.5,0.9,0.05,0
1000,4,3,0.5,0.925,0.05,0
1000,4,3,0.5,0.95,0.05,0
1000,4,3,0.5,0.975,0.05,0.018
1000,4,3,0.5,1,0.05,1
1000,4,3,0.6,0.9,0.05,0
1000,4,3,0.6,0.925,0.05,0.001
1000,4,3,0.6,0.95,0.05,0.004
1000,4,3,0.6,0.975,0.05,0.097
1000,4,3,0.6,1,0.05,1
1000,4,3,0.7,0.9,0.05,0.001
1000,4,3,0.7,0.925,0.05,0.011
1000,4,3,0.7,0.95,0.05,0.066
1000,4,3,0.7,0.975,0.05,0.253
1000,4,3,0.7,1,0.05,1
1000,4,3,0.8,0.9,0.05,0.041
1000,4,3,0.8,0.925,0.05,0.151
1000,4,3,0.8,0.95,0.05,0.328
1000,4,3,0.8,0.975,0.05,0.583
1000,4,3,0.8,1,0.05,1
1000,4,4,0.2,0.9,0.05,0
1000,4,4,0.2,0.925,0.05,0
1000,4,4,0.2,0.95,0.05,0
1000,4,4,0.2,0.975,0.05,0
1000,4,4,0.2,1,0.05,1
1000,4,4,0.3,0.9,0.05,0
1000,4,4,0.3,0.925,0.05,0
1000,4,4,0.3,0.95,0.05,0
1000,4,4,0.3,0.975,0.05,0
1000,4,4,0.3,1,0.05,1
1000,4,4,0.4,0.9,0.05,0
1000,4,4,0.4,0.925,0.05,0
1000,4,4,0.4,0.95,0.05,0
1000,4,4,0.4,0.975,0.05,0
1000,4,4,0.4,1,0.05,1
1000,4,4,0.5,0.9,0.05,0
1000,4,4,0.5,0.925,0.05,0
1000,4,4,0.5,0.95,0.05,0
1000,4,4,0.5,0.975,0.05,0
1000,4,4,0.5,1,0.05,1
1000,4,4,0.6,0.9,0.05,0
1000,4,4,0.6,0.925,0.05,0
1000,4,4,0.6,0.95,0.05,0
1000,4,4,0.6,0.975,0.05,0
1000,4,4,0.6,1,0.05,1
1000,4,4,0.7,0.9,0.05,0
1000,4,4,0.7,0.925,0.05,0
1000,4,4,0.7,0.95,0.05,0
1000,4,4,0.7,0.975,0.05,0
1000,4,4,0.7,1,0.05,1
1000,4,4,0.8,0.9,0.05,0
1000,4,4,0.8,0.925,0.05,0
1000,4,4,0.8,0.95,0.05,0
1000,4,4,0.8,0.975,0.05,0.006
1000,4,4,0.8,1,0.05,1
1000,5,1,0.2,0.9,0.05,0.341
1000,5,1,0.2,0.925,0.05,0.447
1000,5,1,0.2,0.95,0.05,0.603
1000,5,1,0.2,0.975,0.05,0.797
1000,5,1,0.2,1,0.05,1
1000,5,1,0.3,0.9,0.05,0.608
1000,5,1,0.3,0.925,0.05,0.68
1000,5,1,0.3,0.95,0.05,0.781
1000,5,1,0.3,0.975,0.05,0.879
1000,5,1,0.3,1,0.05,1
1000,5,1,0.4,0.9,0.05,0.794
1000,5,1,0.4,0.925,0.05,0.863
1000,5,1,0.4,0.95,0.05,0.912
1000,5,1,0.4,0.975,0.05,0.947
1000,5,1,0.4,1,0.05,1
1000,5,1,0.5,0.9,0.05,0.926
1000,5,1,0.5,0.925,0.05,0.955
1000,5,1,0.5,0.95,0.05,0.952
1000,5,1,0.5,0.975,0.05,0.976
1000,5,1,0.5,1,0.05,1
1000,5,1,0.6,0.9,0.05,0.978
1000,5,1,0.6,0.925,0.05,0.982
1000,5,1,0.6,0.95,0.05,0.992
1000,5,1,0.6,0.975,0.05,0.997
1000,5,1,0.6,1,0.05,1
1000,5,1,0.7,0.9,0.05,0.993
1000,5,1,0.7,0.925,0.05,0.996
1000,5,1,0.7,0.95,0.05,1
1000,5,1,0.7,0.975,0.05,0.999
1000,5,1,0.7,1,0.05,1
1000,5,1,0.8,0.9,0.05,0.997
1000,5,1,0.8,0.925,0.05,1
1000,5,1,0.8,0.95,0.05,1
1000,5,1,0.8,0.975,0.05,1
1000,5,1,0.8,1,0.05,1
1000,5,2,0.2,0.9,0.05,0.006
1000,5,2,0.2,0.925,0.05,0.022
1000,5,2,0.2,0.95,0.05,0.061
1000,5,2,0.2,0.975,0.05,0.237
1000,5,2,0.2,1,0.05,1
1000,5,2,0.3,0.9,0.05,0.027
1000,5,2,0.3,0.925,0.05,0.056
1000,5,2,0.3,0.95,0.05,0.144
1000,5,2,0.3,0.975,0.05,0.362
1000,5,2,0.3,1,0.05,1
1000,5,2,0.4,0.9,0.05,0.123
1000,5,2,0.4,0.925,0.05,0.218
1000,5,2,0.4,0.95,0.05,0.355
1000,5,2,0.4,0.975,0.05,0.598
1000,5,2,0.4,1,0.05,1
1000,5,2,0.5,0.9,0.05,0.353
1000,5,2,0.5,0.925,0.05,0.449
1000,5,2,0.5,0.95,0.05,0.633
1000,5,2,0.5,0.975,0.05,0.809
1000,5,2,0.5,1,0.05,1
1000,5,2,0.6,0.9,0.05,0.649
1000,5,2,0.6,0.925,0.05,0.723
1000,5,2,0.6,0.95,0.05,0.843
1000,5,2,0.6,0.975,0.05,0.907
1000,5,2,0.6,1,0.05,1
1000,5,2,0.7,0.9,0.05,0.848
1000,5,2,0.7,0.925,0.05,0.906
1000,5,2,0.7,0.95,0.05,0.949
1000,5,2,0.7,0.975,0.05,0.974
1000,5,2,0.7,1,0.05,1
1000,5,2,0.8,0.9,0.05,0.971
1000,5,2,0.8,0.925,0.05,0.982
1000,5,2,0.8,0.95,0.05,0.993
1000,5,2,0.8,0.975,0.05,0.997
1000,5,2,0.8,1,0.05,1
1000,5,3,0.2,0.9,0.05,0
1000,5,3,0.2,0.925,0.05,0
1000,5,3,0.2,0.95,0.05,0.001
1000,5,3,0.2,0.975,0.05,0.009
1000,5,3,0.2,1,0.05,1
1000,5,3,0.3,0.9,0.05,0
1000,5,3,0.3,0.925,0.05,0
1000,5,3,0.3,0.95,0.05,0.003
1000,5,3,0.3,0.975,0.05,0.023
1000,5,3,0.3,1,0.05,1
1000,5,3,0.4,0.9,0.05,0
1000,5,3,0.4,0.925,0.05,0
1000,5,3,0.4,0.95,0.05,0.006
1000,5,3,0.4,0.975,0.05,0.085
1000,5,3,0.4,1,0.05,1
1000,5,3,0.5,0.9,0.05,0
1000,5,3,0.5,0.925,0.05,0.009
1000,5,3,0.5,0.95,0.05,0.054
1000,5,3,0.5,0.975,0.05,0.209
1000,5,3,0.5,1,0.05,1
1000,5,3,0.6,0.9,0.05,0.035
1000,5,3,0.6,0.925,0.05,0.071
1000,5,3,0.6,0.95,0.05,0.209
1000,5,3,0.6,0.975,0.05,0.466
1000,5,3,0.6,1,0.05,1
1000,5,3,0.7,0.9,0.05,0.18
1000,5,3,0.7,0.925,0.05,0.318
1000,5,3,0.7,0.95,0.05,0.527
1000,5,3,0.7,0.975,0.05,0.733
1000,5,3,0.7,1,0.05,1
1000,5,3,0.8,0.9,0.05,0.538
1000,5,3,0.8,0.925,0.05,0.689
1000,5,3,0.8,0.95,0.05,0.832
1000,5,3,0.8,0.975,0.05,0.919
1000,5,3,0.8,1,0.05,1
1000,5,4,0.2,0.9,0.05,0
1000,5,4,0.2,0.925,0.05,0
1000,5,4,0.2,0.95,0.05,0
1000,5,4,0.2,0.975,0.05,0
1000,5,4,0.2,1,0.05,1
1000,5,4,0.3,0.9,0.05,0
1000,5,4,0.3,0.925,0.05,0
1000,5,4,0.3,0.95,0.05,0
1000,5,4,0.3,0.975,0.05,0
1000,5,4,0.3,1,0.05,1
1000,5,4,0.4,0.9,0.05,0
1000,5,4,0.4,0.925,0.05,0
1000,5,4,0.4,0.95,0.05,0
1000,5,4,0.4,0.975,0.05,0
1000,5,4,0.4,1,0.05,1
1000,5,4,0.5,0.9,0.05,0
1000,5,4,0.5,0.925,0.05,0
1000,5,4,0.5,0.95,0.05,0
1000,5,4,0.5,0.975,0.05,0.004
1000,5,4,0.5,1,0.05,1
1000,5,4,0.6,0.9,0.05,0
1000,5,4,0.6,0.925,0.05,0
1000,5,4,0.6,0.95,0.05,0
1000,5,4,0.6,0.975,0.05,0.019
1000,5,4,0.6,1,0.05,1
1000,5,4,0.7,0.9,0.05,0
1000,5,4,0.7,0.925,0.05,0
1000,5,4,0.7,0.95,0.05,0.016
1000,5,4,0.7,0.975,0.05,0.096
1000,5,4,0.7,1,0.05,1
1000,5,4,0.8,0.9,0.05,0.006
1000,5,4,0.8,0.925,0.05,0.018
1000,5,4,0.8,0.95,0.05,0.115
1000,5,4,0.8,0.975,0.05,0.394
1000,5,4,0.8,1,0.05,1
1000,5,5,0.2,0.9,0.05,0
1000,5,5,0.2,0.925,0.05,0
1000,5,5,0.2,0.95,0.05,0
1000,5,5,0.2,0.975,0.05,0
1000,5,5,0.2,1,0.05,1
1000,5,5,0.3,0.9,0.05,0
1000,5,5,0.3,0.925,0.05,0
1000,5,5,0.3,0.95,0.05,0
1000,5,5,0.3,0.975,0.05,0
1000,5,5,0.3,1,0.05,1
1000,5,5,0.4,0.9,0.05,0
1000,5,5,0.4,0.925,0.05,0
1000,5,5,0.4,0.95,0.05,0
1000,5,5,0.4,0.975,0.05,0
1000,5,5,0.4,1,0.05,1
1000,5,5,0.5,0.9,0.05,0
1000,5,5,0.5,0.925,0.05,0
1000,5,5,0.5,0.95,0.05,0
1000,5,5,0.5,0.975,0.05,0
1000,5,5,0.5,1,0.05,1
1000,5,5,0.6,0.9,0.05,0
1000,5,5,0.6,0.925,0.05,0
1000,5,5,0.6,0.95,0.05,0
1000,5,5,0.6,0.975,0.05,0
1000,5,5,0.6,1,0.05,1
1000,5,5,0.7,0.9,0.05,0
1000,5,5,0.7,0.925,0.05,0
1000,5,5,0.7,0.95,0.05,0
1000,5,5,0.7,0.975,0.05,0
1000,5,5,0.7,1,0.05,1
1000,5,5,0.8,0.9,0.05,0
1000,5,5,0.8,0.925,0.05,0
1000,5,5,0.8,0.95,0.05,0
1000,5,5,0.8,0.975,0.05,0
1000,5,5,0.8,1,0.05,1
1000,6,1,0.2,0.9,0.05,0.547
1000,6,1,0.2,0.925,0.05,0.632
1000,6,1,0.2,0.95,0.05,0.728
1000,6,1,0.2,0.975,0.05,0.851
1000,6,1,0.2,1,0.05,1
1000,6,1,0.3,0.9,0.05,0.748
1000,6,1,0.3,0.925,0.05,0.817
1000,6,1,0.3,0.95,0.05,0.867
1000,6,1,0.3,0.975,0.05,0.926
1000,6,1,0.3,1,0.05,1
1000,6,1,0.4,0.9,0.05,0.903
1000,6,1,0.4,0.925,0.05,0.929
1000,6,1,0.4,0.95,0.05,0.945
1000,6,1,0.4,0.975,0.05,0.977
1000,6,1,0.4,1,0.05,1
1000,6,1,0.5,0.9,0.05,0.98
1000,6,1,0.5,0.925,0.05,0.988
1000,6,1,0.5,0.95,0.05,0.986
1000,6,1,0.5,0.975,0.05,0.995
1000,6,1,0.5,1,0.05,1
1000,6,1,0.6,0.9,0.05,0.986
1000,6,1,0.6,0.925,0.05,0.999
1000,6,1,0.6,0.95,0.05,0.999
1000,6,1,0.6,0.975,0.05,0.999
1000,6,1,0.6,1,0.05,1
1000,6,1,0.7,0.9,0.05,1
1000,6,1,0.7,0.925,0.05,0.996
1000,6,1,0.7,0.95,0.05,0.998
1000,6,1,0.7,0.975,0.05,1
1000,6,1,0.7,1,0.05,1
1000,6,1,0.8,0.9,0.05,1
1000,6,1,0.8,0.925,0.05,1
1000,6,1,0.8,0.95,0.05,1
1000,6,1,0.8,0.975,0.05,1
1000,6,1,0.8,1,0.05,1
1000,6,2,0.2,0.9,0.05,0.032
1000,6,2,0.2,0.925,0.05,0.071
1000,6,2,0.2,0.95,0.05,0.142
1000,6,2,0.2,0.975,0.05,0.39
1000,6,2,0.2,1,0.05,1
1000,6,2,0.3,0.9,0.05,0.13
1000,6,2,0.3,0.925,0.05,0.205
1000,6,2,0.3,0.95,0.05,0.339
1000,6,2,0.3,0.975,0.05,0.583
1000,6,2,0.3,1,0.05,1
1000,6,2,0.4,0.9,0.05,0.358
1000,6,2,0.4,0.925,0.05,0.485
1000,6,2,0.4,0.95,0.05,0.6
1000,6,2,0.4,0.975,0.05,0.773
1000,6,2,0.4,1,0.05,1
1000,6,2,0.5,0.9,0.05,0.641
1000,6,2,0.5,0.925,0.05,0.746
1000,6,2,0.5,0.95,0.05,0.827
1000,6,2,0.5,0.975,0.05,0.926
1000,6,2,0.5,1,0.05,1
1000,6,2,0.6,0.9,0.05,0.852
1000,6,2,0.6,0.925,0.05,0.899
1000,6,2,0.6,0.95,0.05,0.961
1000,6,2,0.6,0.975,0.05,0.979
1000,6,2,0.6,1,0.05,1
1000,6,2,0.7,0.9,0.05,0.971
1000,6,2,0.7,0.925,0.05,0.972
1000,6,2,0.7,0.95,0.05,0.981
1000,6,2,0.7,0.975,0.05,0.998
1000,6,2,0.7,1,0.05,1
1000,6,2,0.8,0.9,0.05,0.99
1000,6,2,0.8,0.925,0.05,0.998
1000,6,2,0.8,0.95,0.05,0.999
1000,6,2,0.8,0.975,0.05,1
1000,6,2,0.8,1,0.05,1
1000,6,3,0.2,0.9,0.05,0
1000,6,3,0.2,0.925,0.05,0.001
1000,6,3,0.2,0.95,0.05,0.005
1000,6,3,0.2,0.975,0.05,0.055
1000,6,3,0.2,1,0.05,1
1000,6,3,0.3,0.9,0.05,0
1000,6,3,0.3,0.925,0.05,0.003
1000,6,3,0.3,0.95,0.05,0.018
1000,6,3,0.3,0.975,0.05,0.104
1000,6,3,0.3,1,0.05,1
1000,6,3,0.4,0.9,0.05,0.005
1000,6,3,0.4,0.925,0.05,0.028
1000,6,3,0.4,0.95,0.05,0.076
1000,6,3,0.4,0.975,0.05,0.288
1000,6,3,0.4,1,0.05,1
1000,6,3,0.5,0.9,0.05,0.071
1000,6,3,0.5,0.925,0.05,0.142
1000,6,3,0.5,0.95,0.05,0.276
1000,6,3,0.5,0.975,0.05,0.526
1000,6,3,0.5,1,0.05,1
1000,6,3,0.6,0.9,0.05,0.303
1000,6,3,0.6,0.925,0.05,0.415
1000,6,3,0.6,0.95,0.05,0.593
1000,6,3,0.6,0.975,0.05,0.792
1000,6,3,0.6,1,0.05,1
1000,6,3,0.7,0.9,0.05,0.642
1000,6,3,0.7,0.925,0.05,0.762
1000,6,3,0.7,0.95,0.05,0.846
1000,6,3,0.7,0.975,0.05,0.919
1000,6,3,0.7,1,0.05,1
1000,6,3,0.8,0.9,0.05,0.876
1000,6,3,0.8,0.925,0.05,0.938
1000,6,3,0.8,0.95,0.05,0.968
1000,6,3,0.8,0.975,0.05,0.991
1000,6,3,0.8,1,0.05,1
1000,6,4,0.2,0.9,0.05,0
1000,6,4,0.2,0.925,0.05,0
1000,6,4,0.2,0.95,0.05,0
1000,6,4,0.2,0.975,0.05,0.001
1000,6,4,0.2,1,0.05,1
1000,6,4,0.3,0.9,0.05,0
1000,6,4,0.3,0.925,0.05,0
1000,6,4,0.3,0.95,0.05,0
1000,6,4,0.3,0.975,0.05,0.004
1000,6,4,0.3,1,0.05,1
1000,6,4,0.4,0.9,0.05,0
1000,6,4,0.4,0.925,0.05,0
1000,6,4,0.4,0.95,0.05,0
1000,6,4,0.4,0.975,0.05,0.012
1000,6,4,0.4,1,0.05,1
1000,6,4,0.5,0.9,0.05,0
1000,6,4,0.5,0.925,0.05,0
1000,6,4,0.5,0.95,0.05,0.005
1000,6,4,0.5,0.975,0.05,0.053
1000,6,4,0.5,1,0.05,1
1000,6,4,0.6,0.9,0.05,0
1000,6,4,0.6,0.925,0.05,0.008
1000,6,4,0.6,0.95,0.05,0.044
1000,6,4,0.6,0.975,0.05,0.229
1000,6,4,0.6,1,0.05,1
1000,6,4,0.7,0.9,0.05,0.035
1000,6,4,0.7,0.925,0.05,0.112
1000,6,4,0.7,0.95,0.05,0.275
1000,6,4,0.7,0.975,0.05,0.53
1000,6,4,0.7,1,0.05,1
1000,6,4,0.8,0.9,0.05,0.26
1000,6,4,0.8,0.925,0.05,0.445
1000,6,4,0.8,0.95,0.05,0.641
1000,6,4,0.8,0.975,0.05,0.805
1000,6,4,0.8,1,0.05,1
1000,6,5,0.2,0.9,0.05,0
1000,6,5,0.2,0.925,0.05,0
1000,6,5,0.2,0.95,0.05,0
1000,6,5,0.2,0.975,0.05,0
1000,6,5,0.2,1,0.05,1
1000,6,5,0.3,0.9,0.05,0
1000,6,5,0.3,0.925,0.05,0
1000,6,5,0.3,0.95,0.05,0
1000,6,5,0.3,0.975,0.05,0
1000,6,5,0.3,1,0.05,1
1000,6,5,0.4,0.9,0.05,0
1000,6,5,0.4,0.925,0.05,0
1000,6,5,0.4,0.95,0.05,0
1000,6,5,0.4,0.975,0.05,0
1000,6,5,0.4,1,0.05,1
1000,6,5,0.5,0.9,0.05,0
1000,6,5,0.5,0.925,0.05,0
1000,6,5,0.5,0.95,0.05,0
1000,6,5,0.5,0.975,0.05,0
1000,6,5,0.5,1,0.05,1
1000,6,5,0.6,0.9,0.05,0
1000,6,5,0.6,0.925,0.05,0
1000,6,5,0.6,0.95,0.05,0
1000,6,5,0.6,0.975,0.05,0.004
1000,6,5,0.6,1,0.05,1
1000,6,5,0.7,0.9,0.05,0
1000,6,5,0.7,0.925,0.05,0
1000,6,5,0.7,0.95,0.05,0.001
1000,6,5,0.7,0.975,0.05,0.025
1000,6,5,0.7,1,0.05,1
1000,6,5,0.8,0.9,0.05,0
1000,6,5,0.8,0.925,0.05,0.002
1000,6,5,0.8,0.95,0.05,0.027
1000,6,5,0.8,0.975,0.05,0.216
1000,6,5,0.8,1,0.05,1
1000,6,6,0.2,0.9,0.05,0
1000,6,6,0.2,0.925,0.05,0
1000,6,6,0.2,0.95,0.05,0
1000,6,6,0.2,0.975,0.05,0
1000,6,6,0.2,1,0.05,1
1000,6,6,0.3,0.9,0.05,0
1000,6,6,0.3,0.925,0.05,0
1000,6,6,0.3,0.95,0.05,0
1000,6,6,0.3,0.975,0.05,0
1000,6,6,0.3,1,0.05,1
1000,6,6,0.4,0.9,0.05,0
1000,6,6,0.4,0.925,0.05,0
1000,6,6,0.4,0.95,0.05,0
1000,6,6,0.4,0.975,0.05,0
1000,6,6,0.4,1,0.05,1
1000,6,6,0.5,0.9,0.05,0
1000,6,6,0.5,0.925,0.05,0
1000,6,6,0.5,0.95,0.05,0
1000,6,6,0.5,0.975,0.05,0
1000,6,6,0.5,1,0.05,1
1000,6,6,0.6,0.9,0.05,0
1000,6,6,0.6,0.925,0.05,0
1000,6,6,0.6,0.95,0.05,0
1000,6,6,0.6,0.975,0.05,0
1000,6,6,0.6,1,0.05,1
1000,6,6,0.7,0.9,0.05,0
1000,6,6,0.7,0.925,0.05,0
1000,6,6,0.7,0.95,0.05,0
1000,6,6,0.7,0.975,0.05,0
1000,6,6,0.7,1,0.05,1
1000,6,6,0.8,0.9,0.05,0
1000,6,6,0.8,0.925,0.05,0
1000,6,6,0.8,0.95,0.05,0
1000,6,6,0.8,0.975,0.05,0
1000,6,6,0.8,1,0.05,1
1000,7,1,0.2,0.9,0.05,0.71
1000,7,1,0.2,0.925,0.05,0.749
1000,7,1,0.2,0.95,0.05,0.833
1000,7,1,0.2,0.975,0.05,0.91
1000,7,1,0.2,1,0.05,1
1000,7,1,0.3,0.9,0.05,0.878
1000,7,1,0.3,0.925,0.05,0.891
1000,7,1,0.3,0.95,0.05,0.941
1000,7,1,0.3,0.975,0.05,0.973
1000,7,1,0.3,1,0.05,1
1000,7,1,0.4,0.9,0.05,0.976
1000,7,1,0.4,0.925,0.05,0.978
1000,7,1,0.4,0.95,0.05,0.976
1000,7,1,0.4,0.975,0.05,0.988
1000,7,1,0.4,1,0.05,1
1000,7,1,0.5,0.9,0.05,0.994
1000,7,1,0.5,0.925,0.05,0.995
1000,7,1,0.5,0.95,0.05,0.992
1000,7,1,0.5,0.975,0.05,0.999
1000,7,1,0.5,1,0.05,1
1000,7,1,0.6,0.9,0.05,0.998
1000,7,1,0.6,0.925,0.05,0.997
1000,7,1,0.6,0.95,0.05,1
1000,7,1,0.6,0.975,0.05,1
1000,7,1,0.6,1,0.05,1
1000,7,1,0.7,0.9,0.05,0.999
1000,7,1,0.7,0.925,0.05,1
1000,7,1,0.7,0.95,0.05,1
1000,7,1,0.7,0.975,0.05,1
1000,7,1,0.7,1,0.05,1
1000,7,1,0.8,0.9,0.05,1
1000,7,1,0.8,0.925,0.05,1
1000,7,1,0.8,0.95,0.05,1
1000,7,1,0.8,0.975,0.05,1
1000,7,1,0.8,1,0.05,1
1000,7,2,0.2,0.9,0.05,0.102
1000,7,2,0.2,0.925,0.05,0.178
1000,7,2,0.2,0.95,0.05,0.328
1000,7,2,0.2,0.975,0.05,0.552
1000,7,2,0.2,1,0.05,1
1000,7,2,0.3,0.9,0.05,0.288
1000,7,2,0.3,0.925,0.05,0.389
1000,7,2,0.3,0.95,0.05,0.576
1000,7,2,0.3,0.975,0.05,0.723
1000,7,2,0.3,1,0.05,1
1000,7,2,0.4,0.9,0.05,0.61
1000,7,2,0.4,0.925,0.05,0.711
1000,7,2,0.4,0.95,0.05,0.808
1000,7,2,0.4,0.975,0.05,0.886
1000,7,2,0.4,1,0.05,1
1000,7,2,0.5,0.9,0.05,0.843
1000,7,2,0.5,0.925,0.05,0.897
1000,7,2,0.5,0.95,0.05,0.935
1000,7,2,0.5,0.975,0.05,0.979
1000,7,2,0.5,1,0.05,1
1000,7,2,0.6,0.9,0.05,0.947
1000,7,2,0.6,0.925,0.05,0.974
1000,7,2,0.6,0.95,0.05,0.987
1000,7,2,0.6,0.975,0.05,0.991
1000,7,2,0.6,1,0.05,1
1000,7,2,0.7,0.9,0.05,0.995
1000,7,2,0.7,0.925,0.05,0.994
1000,7,2,0.7,0.95,0.05,0.997
1000,7,2,0.7,0.975,0.05,0.999
1000,7,2,0.7,1,0.05,1
1000,7,2,0.8,0.9,0.05,0.999
1000,7,2,0.8,0.925,0.05,0.999
1000,7,2,0.8,0.95,0.05,1
1000,7,2,0.8,0.975,0.05,0.999
1000,7,2,0.8,1,0.05,1
1000,7,3,0.2,0.9,0.05,0
1000,7,3,0.2,0.925,0.05,0.001
1000,7,3,0.2,0.95,0.05,0.015
1000,7,3,0.2,0.975,0.05,0.13
1000,7,3,0.2,1,0.05,1
1000,7,3,0.3,0.9,0.05,0.007
1000,7,3,0.3,0.925,0.05,0.031
1000,7,3,0.3,0.95,0.05,0.088
1000,7,3,0.3,0.975,0.05,0.243
1000,7,3,0.3,1,0.05,1
1000,7,3,0.4,0.9,0.05,0.081
1000,7,3,0.4,0.925,0.05,0.14
1000,7,3,0.4,0.95,0.05,0.278
1000,7,3,0.4,0.975,0.05,0.499
1000,7,3,0.4,1,0.05,1
1000,7,3,0.5,0.9,0.05,0.288
1000,7,3,0.5,0.925,0.05,0.435
1000,7,3,0.5,0.95,0.05,0.581
1000,7,3,0.5,0.975,0.05,0.771
1000,7,3,0.5,1,0.05,1
1000,7,3,0.6,0.9,0.05,0.619
1000,7,3,0.6,0.925,0.05,0.752
1000,7,3,0.6,0.95,0.05,0.847
1000,7,3,0.6,0.975,0.05,0.931
1000,7,3,0.6,1,0.05,1
1000,7,3,0.7,0.9,0.05,0.882
1000,7,3,0.7,0.925,0.05,0.927
1000,7,3,0.7,0.95,0.05,0.957
1000,7,3,0.7,0.975,0.05,0.98
1000,7,3,0.7,1,0.05,1
1000,7,3,0.8,0.9,0.05,0.972
1000,7,3,0.8,0.925,0.05,0.992
1000,7,3,0.8,0.95,0.05,0.99
1000,7,3,0.8,0.975,0.05,0.999
1000,7,3,0.8,1,0.05,1
1000,7,4,0.2,0.9,0.05,0
1000,7,4,0.2,0.925,0.05,0
1000,7,4,0.2,0.95,0.05,0
1000,7,4,0.2,0.975,0.05,0.008
1000,7,4,0.2,1,0.05,1
1000,7,4,0.3,0.9,0.05,0
1000,7,4,0.3,0.925,0.05,0
1000,7,4,0.3,0.95,0.05,0
1000,7,4,0.3,0.975,0.05,0.017
1000,7,4,0.3,1,0.05,1
1000,7,4,0.4,0.9,0.05,0
1000,7,4,0.4,0.925,0.05,0.003
1000,7,4,0.4,0.95,0.05,0.013
1000,7,4,0.4,0.975,0.05,0.073
1000,7,4,0.4,1,0.05,1
1000,7,4,0.5,0.9,0.05,0.002
1000,7,4,0.5,0.925,0.05,0.02
1000,7,4,0.5,0.95,0.05,0.083
1000,7,4,0.5,0.975,0.05,0.265
1000,7,4,0.5,1,0.05,1
1000,7,4,0.6,0.9,0.05,0.075
1000,7,4,0.6,0.925,0.05,0.156
1000,7,4,0.6,0.95,0.05,0.328
1000,7,4,0.6,0.975,0.05,0.619
1000,7,4,0.6,1,0.05,1
1000,7,4,0.7,0.9,0.05,0.329
1000,7,4,0.7,0.925,0.05,0.511
1000,7,4,0.7,0.95,0.05,0.665
1000,7,4,0.7,0.975,0.05,0.851
1000,7,4,0.7,1,0.05,1
1000,7,4,0.8,0.9,0.05,0.759
1000,7,4,0.8,0.925,0.05,0.836
1000,7,4,0.8,0.95,0.05,0.936
1000,7,4,0.8,0.975,0.05,0.962
1000,7,4,0.8,1,0.05,1
1000,7,5,0.2,0.9,0.05,0
1000,7,5,0.2,0.925,0.05,0
1000,7,5,0.2,0.95,0.05,0
1000,7,5,0.2,0.975,0.05,0
1000,7,5,0.2,1,0.05,1
1000,7,5,0.3,0.9,0.05,0
1000,7,5,0.3,0.925,0.05,0
1000,7,5,0.3,0.95,0.05,0
1000,7,5,0.3,0.975,0.05,0.001
1000,7,5,0.3,1,0.05,1
1000,7,5,0.4,0.9,0.05,0
1000,7,5,0.4,0.925,0.05,0
1000,7,5,0.4,0.95,0.05,0
1000,7,5,0.4,0.975,0.05,0.002
1000,7,5,0.4,1,0.05,1
1000,7,5,0.5,0.9,0.05,0
1000,7,5,0.5,0.925,0.05,0
1000,7,5,0.5,0.95,0.05,0
1000,7,5,0.5,0.975,0.05,0.005
1000,7,5,0.5,1,0.05,1
1000,7,5,0.6,0.9,0.05,0
1000,7,5,0.6,0.925,0.05,0.001
1000,7,5,0.6,0.95,0.05,0.002
1000,7,5,0.6,0.975,0.05,0.095
1000,7,5,0.6,1,0.05,1
1000,7,5,0.7,0.9,0.05,0.004
1000,7,5,0.7,0.925,0.05,0.024
1000,7,5,0.7,0.95,0.05,0.098
1000,7,5,0.7,0.975,0.05,0.318
1000,7,5,0.7,1,0.05,1
1000,7,5,0.8,0.9,0.05,0.088
1000,7,5,0.8,0.925,0.05,0.231
1000,7,5,0.8,0.95,0.05,0.456
1000,7,5,0.8,0.975,0.05,0.715
1000,7,5,0.8,1,0.05,1
1000,7,6,0.2,0.9,0.05,0
1000,7,6,0.2,0.925,0.05,0
1000,7,6,0.2,0.95,0.05,0
1000,7,6,0.2,0.975,0.05,0
1000,7,6,0.2,1,0.05,1
1000,7,6,0.3,0.9,0.05,0
1000,7,6,0.3,0.925,0.05,0
1000,7,6,0.3,0.95,0.05,0
1000,7,6,0.3,0.975,0.05,0
1000,7,6,0.3,1,0.05,1
1000,7,6,0.4,0.9,0.05,0
1000,7,6,0.4,0.925,0.05,0
1000,7,6,0.4,0.95,0.05,0
1000,7,6,0.4,0.975,0.05,0
1000,7,6,0.4,1,0.05,1
1000,7,6,0.5,0.9,0.05,0
1000,7,6,0.5,0.925,0.05,0
1000,7,6,0.5,0.95,0.05,0
1000,7,6,0.5,0.975,0.05,0
1000,7,6,0.5,1,0.05,1
1000,7,6,0.6,0.9,0.05,0
1000,7,6,0.6,0.925,0.05,0
1000,7,6,0.6,0.95,0.05,0
1000,7,6,0.6,0.975,0.05,0
1000,7,6,0.6,1,0.05,1
1000,7,6,0.7,0.9,0.05,0
1000,7,6,0.7,0.925,0.05,0
1000,7,6,0.7,0.95,0.05,0
1000,7,6,0.7,0.975,0.05,0.005
1000,7,6,0.7,1,0.05,1
1000,7,6,0.8,0.9,0.05,0
1000,7,6,0.8,0.925,0.05,0.001
1000,7,6,0.8,0.95,0.05,0.007
1000,7,6,0.8,0.975,0.05,0.107
1000,7,6,0.8,1,0.05,1
1000,7,7,0.2,0.9,0.05,0
1000,7,7,0.2,0.925,0.05,0
1000,7,7,0.2,0.95,0.05,0
1000,7,7,0.2,0.975,0.05,0
1000,7,7,0.2,1,0.05,1
1000,7,7,0.3,0.9,0.05,0
1000,7,7,0.3,0.925,0.05,0
1000,7,7,0.3,0.95,0.05,0
1000,7,7,0.3,0.975,0.05,0
1000,7,7,0.3,1,0.05,1
1000,7,7,0.4,0.9,0.05,0
1000,7,7,0.4,0.925,0.05,0
1000,7,7,0.4,0.95,0.05,0
1000,7,7,0.4,0.975,0.05,0
1000,7,7,0.4,1,0.05,1
1000,7,7,0.5,0.9,0.05,0
1000,7,7,0.5,0.925,0.05,0
1000,7,7,0.5,0.95,0.05,0
1000,7,7,0.5,0.975,0.05,0
1000,7,7,0.5,1,0.05,1
1000,7,7,0.6,0.9,0.05,0
1000,7,7,0.6,0.925,0.05,0
1000,7,7,0.6,0.95,0.05,0
1000,7,7,0.6,0.975,0.05,0
1000,7,7,0.6,1,0.05,1
1000,7,7,0.7,0.9,0.05,0
1000,7,7,0.7,0.925,0.05,0
1000,7,7,0.7,0.95,0.05,0
1000,7,7,0.7,0.975,0.05,0
1000,7,7,0.7,1,0.05,1
1000,7,7,0.8,0.9,0.05,0
1000,7,7,0.8,0.925,0.05,0
1000,7,7,0.8,0.95,0.05,0
1000,7,7,0.8,0.975,0.05,0
1000,7,7,0.8,1,0.05,1
